file,week,trend
Rossmann_DE_SN,2012-12-02 - 2012-12-08,96
Rossmann_DE_SN,2012-12-09 - 2012-12-15,95
Rossmann_DE_SN,2012-12-16 - 2012-12-22,91
Rossmann_DE_SN,2012-12-23 - 2012-12-29,48
Rossmann_DE_SN,2012-12-30 - 2013-01-05,67
Rossmann_DE_SN,2013-01-06 - 2013-01-12,71
Rossmann_DE_SN,2013-01-13 - 2013-01-19,53
Rossmann_DE_SN,2013-01-20 - 2013-01-26,58
Rossmann_DE_SN,2013-01-27 - 2013-02-02,55
Rossmann_DE_SN,2013-02-03 - 2013-02-09,55
Rossmann_DE_SN,2013-02-10 - 2013-02-16,58
Rossmann_DE_SN,2013-02-17 - 2013-02-23,65
Rossmann_DE_SN,2013-02-24 - 2013-03-02,48
Rossmann_DE_SN,2013-03-03 - 2013-03-09,51
Rossmann_DE_SN,2013-03-10 - 2013-03-16,50
Rossmann_DE_SN,2013-03-17 - 2013-03-23,58
Rossmann_DE_SN,2013-03-24 - 2013-03-30,54
Rossmann_DE_SN,2013-03-31 - 2013-04-06,55
Rossmann_DE_SN,2013-04-07 - 2013-04-13,64
Rossmann_DE_SN,2013-04-14 - 2013-04-20,47
Rossmann_DE_SN,2013-04-21 - 2013-04-27,51
Rossmann_DE_SN,2013-04-28 - 2013-05-04,47
Rossmann_DE_SN,2013-05-05 - 2013-05-11,57
Rossmann_DE_SN,2013-05-12 - 2013-05-18,64
Rossmann_DE_SN,2013-05-19 - 2013-05-25,54
Rossmann_DE_SN,2013-05-26 - 2013-06-01,67
Rossmann_DE_SN,2013-06-02 - 2013-06-08,45
Rossmann_DE_SN,2013-06-09 - 2013-06-15,55
Rossmann_DE_SN,2013-06-16 - 2013-06-22,67
Rossmann_DE_SN,2013-06-23 - 2013-06-29,56
Rossmann_DE_SN,2013-06-30 - 2013-07-06,68
Rossmann_DE_SN,2013-07-07 - 2013-07-13,61
Rossmann_DE_SN,2013-07-14 - 2013-07-20,74
Rossmann_DE_SN,2013-07-21 - 2013-07-27,67
Rossmann_DE_SN,2013-07-28 - 2013-08-03,78
Rossmann_DE_SN,2013-08-04 - 2013-08-10,62
Rossmann_DE_SN,2013-08-11 - 2013-08-17,74
Rossmann_DE_SN,2013-08-18 - 2013-08-24,65
Rossmann_DE_SN,2013-08-25 - 2013-08-31,68
Rossmann_DE_SN,2013-09-01 - 2013-09-07,61
Rossmann_DE_SN,2013-09-08 - 2013-09-14,65
Rossmann_DE_SN,2013-09-15 - 2013-09-21,50
Rossmann_DE_SN,2013-09-22 - 2013-09-28,67
Rossmann_DE_SN,2013-09-29 - 2013-10-05,52
Rossmann_DE_SN,2013-10-06 - 2013-10-12,64
Rossmann_DE_SN,2013-10-13 - 2013-10-19,50
Rossmann_DE_SN,2013-10-20 - 2013-10-26,63
Rossmann_DE_SN,2013-10-27 - 2013-11-02,55
Rossmann_DE_SN,2013-11-03 - 2013-11-09,68
Rossmann_DE_SN,2013-11-10 - 2013-11-16,61
Rossmann_DE_SN,2013-11-17 - 2013-11-23,82
Rossmann_DE_SN,2013-11-24 - 2013-11-30,64
Rossmann_DE_SN,2013-12-01 - 2013-12-07,69
Rossmann_DE_SN,2013-12-08 - 2013-12-14,85
Rossmann_DE_SN,2013-12-15 - 2013-12-21,100
Rossmann_DE_SN,2013-12-22 - 2013-12-28,61
Rossmann_DE_SN,2013-12-29 - 2014-01-04,62
Rossmann_DE_SN,2014-01-05 - 2014-01-11,72
Rossmann_DE_SN,2014-01-12 - 2014-01-18,47
Rossmann_DE_SN,2014-01-19 - 2014-01-25,63
Rossmann_DE_SN,2014-01-26 - 2014-02-01,60
Rossmann_DE_SN,2014-02-02 - 2014-02-08,69
Rossmann_DE_SN,2014-02-09 - 2014-02-15,56
Rossmann_DE_SN,2014-02-16 - 2014-02-22,71
Rossmann_DE_SN,2014-02-23 - 2014-03-01,49
Rossmann_DE_SN,2014-03-02 - 2014-03-08,60
Rossmann_DE_SN,2014-03-09 - 2014-03-15,57
Rossmann_DE_SN,2014-03-16 - 2014-03-22,64
Rossmann_DE_SN,2014-03-23 - 2014-03-29,57
Rossmann_DE_SN,2014-03-30 - 2014-04-05,66
Rossmann_DE_SN,2014-04-06 - 2014-04-12,60
Rossmann_DE_SN,2014-04-13 - 2014-04-19,66
Rossmann_DE_SN,2014-04-20 - 2014-04-26,49
Rossmann_DE_SN,2014-04-27 - 2014-05-03,74
Rossmann_DE_SN,2014-05-04 - 2014-05-10,66
Rossmann_DE_SN,2014-05-11 - 2014-05-17,61
Rossmann_DE_SN,2014-05-18 - 2014-05-24,68
Rossmann_DE_SN,2014-05-25 - 2014-05-31,55
Rossmann_DE_SN,2014-06-01 - 2014-06-07,63
Rossmann_DE_SN,2014-06-08 - 2014-06-14,56
Rossmann_DE_SN,2014-06-15 - 2014-06-21,79
Rossmann_DE_SN,2014-06-22 - 2014-06-28,62
Rossmann_DE_SN,2014-06-29 - 2014-07-05,70
Rossmann_DE_SN,2014-07-06 - 2014-07-12,62
Rossmann_DE_SN,2014-07-13 - 2014-07-19,74
Rossmann_DE_SN,2014-07-20 - 2014-07-26,56
Rossmann_DE_SN,2014-07-27 - 2014-08-02,74
Rossmann_DE_SN,2014-08-03 - 2014-08-09,84
Rossmann_DE_SN,2014-08-10 - 2014-08-16,83
Rossmann_DE_SN,2014-08-17 - 2014-08-23,80
Rossmann_DE_SN,2014-08-24 - 2014-08-30,63
Rossmann_DE_SN,2014-08-31 - 2014-09-06,73
Rossmann_DE_SN,2014-09-07 - 2014-09-13,57
Rossmann_DE_SN,2014-09-14 - 2014-09-20,65
Rossmann_DE_SN,2014-09-21 - 2014-09-27,51
Rossmann_DE_SN,2014-09-28 - 2014-10-04,63
Rossmann_DE_SN,2014-10-05 - 2014-10-11,67
Rossmann_DE_SN,2014-10-12 - 2014-10-18,56
Rossmann_DE_SN,2014-10-19 - 2014-10-25,68
Rossmann_DE_SN,2014-10-26 - 2014-11-01,52
Rossmann_DE_SN,2014-11-02 - 2014-11-08,59
Rossmann_DE_SN,2014-11-09 - 2014-11-15,60
Rossmann_DE_SN,2014-11-16 - 2014-11-22,61
Rossmann_DE_SN,2014-11-23 - 2014-11-29,85
Rossmann_DE_SN,2014-11-30 - 2014-12-06,87
Rossmann_DE_SN,2014-12-07 - 2014-12-13,84
Rossmann_DE_SN,2014-12-14 - 2014-12-20,87
Rossmann_DE_SN,2014-12-21 - 2014-12-27,80
Rossmann_DE_SN,2014-12-28 - 2015-01-03,62
Rossmann_DE_SN,2015-01-04 - 2015-01-10,70
Rossmann_DE_SN,2015-01-11 - 2015-01-17,49
Rossmann_DE_SN,2015-01-18 - 2015-01-24,57
Rossmann_DE_SN,2015-01-25 - 2015-01-31,62
Rossmann_DE_SN,2015-02-01 - 2015-02-07,57
Rossmann_DE_SN,2015-02-08 - 2015-02-14,62
Rossmann_DE_SN,2015-02-15 - 2015-02-21,70
Rossmann_DE_SN,2015-02-22 - 2015-02-28,58
Rossmann_DE_SN,2015-03-01 - 2015-03-07,61
Rossmann_DE_SN,2015-03-08 - 2015-03-14,54
Rossmann_DE_SN,2015-03-15 - 2015-03-21,75
Rossmann_DE_SN,2015-03-22 - 2015-03-28,51
Rossmann_DE_SN,2015-03-29 - 2015-04-04,66
Rossmann_DE_SN,2015-04-05 - 2015-04-11,56
Rossmann_DE_SN,2015-04-12 - 2015-04-18,57
Rossmann_DE_SN,2015-04-19 - 2015-04-25,59
Rossmann_DE_SN,2015-04-26 - 2015-05-02,57
Rossmann_DE_SN,2015-05-03 - 2015-05-09,62
Rossmann_DE_SN,2015-05-10 - 2015-05-16,54
Rossmann_DE_SN,2015-05-17 - 2015-05-23,61
Rossmann_DE_SN,2015-05-24 - 2015-05-30,56
Rossmann_DE_SN,2015-05-31 - 2015-06-06,63
Rossmann_DE_SN,2015-06-07 - 2015-06-13,66
Rossmann_DE_SN,2015-06-14 - 2015-06-20,69
Rossmann_DE_SN,2015-06-21 - 2015-06-27,58
Rossmann_DE_SN,2015-06-28 - 2015-07-04,78
Rossmann_DE_SN,2015-07-05 - 2015-07-11,60
Rossmann_DE_SN,2015-07-12 - 2015-07-18,80
Rossmann_DE_SN,2015-07-19 - 2015-07-25,76
Rossmann_DE_SN,2015-07-26 - 2015-08-01,83
Rossmann_DE_SN,2015-08-02 - 2015-08-08,82
Rossmann_DE_SN,2015-08-09 - 2015-08-15,72
Rossmann_DE_SN,2015-08-16 - 2015-08-22,85
Rossmann_DE_SN,2015-08-23 - 2015-08-29,62
Rossmann_DE_SN,2015-08-30 - 2015-09-05,82
Rossmann_DE_SN,2015-09-06 - 2015-09-12,67
Rossmann_DE_SN,2015-09-13 - 2015-09-19,72
Rossmann_DE_SN,2015-09-20 - 2015-09-26,64
Rossmann_DE_SN,2015-09-27 - 2015-10-03,68
Rossmann_DE,2012-12-02 - 2012-12-08,77
Rossmann_DE,2012-12-09 - 2012-12-15,76
Rossmann_DE,2012-12-16 - 2012-12-22,85
Rossmann_DE,2012-12-23 - 2012-12-29,59
Rossmann_DE,2012-12-30 - 2013-01-05,61
Rossmann_DE,2013-01-06 - 2013-01-12,62
Rossmann_DE,2013-01-13 - 2013-01-19,51
Rossmann_DE,2013-01-20 - 2013-01-26,56
Rossmann_DE,2013-01-27 - 2013-02-02,50
Rossmann_DE,2013-02-03 - 2013-02-09,58
Rossmann_DE,2013-02-10 - 2013-02-16,51
Rossmann_DE,2013-02-17 - 2013-02-23,58
Rossmann_DE,2013-02-24 - 2013-03-02,51
Rossmann_DE,2013-03-03 - 2013-03-09,55
Rossmann_DE,2013-03-10 - 2013-03-16,54
Rossmann_DE,2013-03-17 - 2013-03-23,62
Rossmann_DE,2013-03-24 - 2013-03-30,57
Rossmann_DE,2013-03-31 - 2013-04-06,57
Rossmann_DE,2013-04-07 - 2013-04-13,59
Rossmann_DE,2013-04-14 - 2013-04-20,50
Rossmann_DE,2013-04-21 - 2013-04-27,59
Rossmann_DE,2013-04-28 - 2013-05-04,52
Rossmann_DE,2013-05-05 - 2013-05-11,56
Rossmann_DE,2013-05-12 - 2013-05-18,60
Rossmann_DE,2013-05-19 - 2013-05-25,53
Rossmann_DE,2013-05-26 - 2013-06-01,65
Rossmann_DE,2013-06-02 - 2013-06-08,55
Rossmann_DE,2013-06-09 - 2013-06-15,55
Rossmann_DE,2013-06-16 - 2013-06-22,67
Rossmann_DE,2013-06-23 - 2013-06-29,59
Rossmann_DE,2013-06-30 - 2013-07-06,66
Rossmann_DE,2013-07-07 - 2013-07-13,58
Rossmann_DE,2013-07-14 - 2013-07-20,67
Rossmann_DE,2013-07-21 - 2013-07-27,60
Rossmann_DE,2013-07-28 - 2013-08-03,72
Rossmann_DE,2013-08-04 - 2013-08-10,60
Rossmann_DE,2013-08-11 - 2013-08-17,68
Rossmann_DE,2013-08-18 - 2013-08-24,61
Rossmann_DE,2013-08-25 - 2013-08-31,69
Rossmann_DE,2013-09-01 - 2013-09-07,57
Rossmann_DE,2013-09-08 - 2013-09-14,63
Rossmann_DE,2013-09-15 - 2013-09-21,51
Rossmann_DE,2013-09-22 - 2013-09-28,60
Rossmann_DE,2013-09-29 - 2013-10-05,53
Rossmann_DE,2013-10-06 - 2013-10-12,62
Rossmann_DE,2013-10-13 - 2013-10-19,56
Rossmann_DE,2013-10-20 - 2013-10-26,63
Rossmann_DE,2013-10-27 - 2013-11-02,60
Rossmann_DE,2013-11-03 - 2013-11-09,66
Rossmann_DE,2013-11-10 - 2013-11-16,56
Rossmann_DE,2013-11-17 - 2013-11-23,71
Rossmann_DE,2013-11-24 - 2013-11-30,65
Rossmann_DE,2013-12-01 - 2013-12-07,76
Rossmann_DE,2013-12-08 - 2013-12-14,79
Rossmann_DE,2013-12-15 - 2013-12-21,97
Rossmann_DE,2013-12-22 - 2013-12-28,63
Rossmann_DE,2013-12-29 - 2014-01-04,65
Rossmann_DE,2014-01-05 - 2014-01-11,67
Rossmann_DE,2014-01-12 - 2014-01-18,55
Rossmann_DE,2014-01-19 - 2014-01-25,67
Rossmann_DE,2014-01-26 - 2014-02-01,57
Rossmann_DE,2014-02-02 - 2014-02-08,68
Rossmann_DE,2014-02-09 - 2014-02-15,57
Rossmann_DE,2014-02-16 - 2014-02-22,68
Rossmann_DE,2014-02-23 - 2014-03-01,56
Rossmann_DE,2014-03-02 - 2014-03-08,67
Rossmann_DE,2014-03-09 - 2014-03-15,55
Rossmann_DE,2014-03-16 - 2014-03-22,70
Rossmann_DE,2014-03-23 - 2014-03-29,55
Rossmann_DE,2014-03-30 - 2014-04-05,66
Rossmann_DE,2014-04-06 - 2014-04-12,57
Rossmann_DE,2014-04-13 - 2014-04-19,69
Rossmann_DE,2014-04-20 - 2014-04-26,56
Rossmann_DE,2014-04-27 - 2014-05-03,74
Rossmann_DE,2014-05-04 - 2014-05-10,71
Rossmann_DE,2014-05-11 - 2014-05-17,60
Rossmann_DE,2014-05-18 - 2014-05-24,72
Rossmann_DE,2014-05-25 - 2014-05-31,58
Rossmann_DE,2014-06-01 - 2014-06-07,71
Rossmann_DE,2014-06-08 - 2014-06-14,60
Rossmann_DE,2014-06-15 - 2014-06-21,75
Rossmann_DE,2014-06-22 - 2014-06-28,62
Rossmann_DE,2014-06-29 - 2014-07-05,77
Rossmann_DE,2014-07-06 - 2014-07-12,62
Rossmann_DE,2014-07-13 - 2014-07-19,73
Rossmann_DE,2014-07-20 - 2014-07-26,65
Rossmann_DE,2014-07-27 - 2014-08-02,77
Rossmann_DE,2014-08-03 - 2014-08-09,74
Rossmann_DE,2014-08-10 - 2014-08-16,72
Rossmann_DE,2014-08-17 - 2014-08-23,81
Rossmann_DE,2014-08-24 - 2014-08-30,66
Rossmann_DE,2014-08-31 - 2014-09-06,77
Rossmann_DE,2014-09-07 - 2014-09-13,62
Rossmann_DE,2014-09-14 - 2014-09-20,70
Rossmann_DE,2014-09-21 - 2014-09-27,58
Rossmann_DE,2014-09-28 - 2014-10-04,72
Rossmann_DE,2014-10-05 - 2014-10-11,68
Rossmann_DE,2014-10-12 - 2014-10-18,64
Rossmann_DE,2014-10-19 - 2014-10-25,72
Rossmann_DE,2014-10-26 - 2014-11-01,63
Rossmann_DE,2014-11-02 - 2014-11-08,72
Rossmann_DE,2014-11-09 - 2014-11-15,71
Rossmann_DE,2014-11-16 - 2014-11-22,68
Rossmann_DE,2014-11-23 - 2014-11-29,84
Rossmann_DE,2014-11-30 - 2014-12-06,86
Rossmann_DE,2014-12-07 - 2014-12-13,89
Rossmann_DE,2014-12-14 - 2014-12-20,100
Rossmann_DE,2014-12-21 - 2014-12-27,79
Rossmann_DE,2014-12-28 - 2015-01-03,73
Rossmann_DE,2015-01-04 - 2015-01-10,72
Rossmann_DE,2015-01-11 - 2015-01-17,67
Rossmann_DE,2015-01-18 - 2015-01-24,62
Rossmann_DE,2015-01-25 - 2015-01-31,76
Rossmann_DE,2015-02-01 - 2015-02-07,72
Rossmann_DE,2015-02-08 - 2015-02-14,66
Rossmann_DE,2015-02-15 - 2015-02-21,74
Rossmann_DE,2015-02-22 - 2015-02-28,65
Rossmann_DE,2015-03-01 - 2015-03-07,71
Rossmann_DE,2015-03-08 - 2015-03-14,64
Rossmann_DE,2015-03-15 - 2015-03-21,74
Rossmann_DE,2015-03-22 - 2015-03-28,63
Rossmann_DE,2015-03-29 - 2015-04-04,75
Rossmann_DE,2015-04-05 - 2015-04-11,66
Rossmann_DE,2015-04-12 - 2015-04-18,69
Rossmann_DE,2015-04-19 - 2015-04-25,65
Rossmann_DE,2015-04-26 - 2015-05-02,79
Rossmann_DE,2015-05-03 - 2015-05-09,73
Rossmann_DE,2015-05-10 - 2015-05-16,67
Rossmann_DE,2015-05-17 - 2015-05-23,76
Rossmann_DE,2015-05-24 - 2015-05-30,70
Rossmann_DE,2015-05-31 - 2015-06-06,77
Rossmann_DE,2015-06-07 - 2015-06-13,68
Rossmann_DE,2015-06-14 - 2015-06-20,82
Rossmann_DE,2015-06-21 - 2015-06-27,71
Rossmann_DE,2015-06-28 - 2015-07-04,86
Rossmann_DE,2015-07-05 - 2015-07-11,74
Rossmann_DE,2015-07-12 - 2015-07-18,86
Rossmann_DE,2015-07-19 - 2015-07-25,74
Rossmann_DE,2015-07-26 - 2015-08-01,87
Rossmann_DE,2015-08-02 - 2015-08-08,83
Rossmann_DE,2015-08-09 - 2015-08-15,76
Rossmann_DE,2015-08-16 - 2015-08-22,84
Rossmann_DE,2015-08-23 - 2015-08-29,70
Rossmann_DE,2015-08-30 - 2015-09-05,78
Rossmann_DE,2015-09-06 - 2015-09-12,71
Rossmann_DE,2015-09-13 - 2015-09-19,77
Rossmann_DE,2015-09-20 - 2015-09-26,67
Rossmann_DE,2015-09-27 - 2015-10-03,71

Rossmann_DE_BY,2012-12-02 - 2012-12-08,73
Rossmann_DE_BY,2012-12-09 - 2012-12-15,67
Rossmann_DE_BY,2012-12-16 - 2012-12-22,81
Rossmann_DE_BY,2012-12-23 - 2012-12-29,53
Rossmann_DE_BY,2012-12-30 - 2013-01-05,60
Rossmann_DE_BY,2013-01-06 - 2013-01-12,56
Rossmann_DE_BY,2013-01-13 - 2013-01-19,48
Rossmann_DE_BY,2013-01-20 - 2013-01-26,52
Rossmann_DE_BY,2013-01-27 - 2013-02-02,48
Rossmann_DE_BY,2013-02-03 - 2013-02-09,51
Rossmann_DE_BY,2013-02-10 - 2013-02-16,45
Rossmann_DE_BY,2013-02-17 - 2013-02-23,59
Rossmann_DE_BY,2013-02-24 - 2013-03-02,47
Rossmann_DE_BY,2013-03-03 - 2013-03-09,55
Rossmann_DE_BY,2013-03-10 - 2013-03-16,53
Rossmann_DE_BY,2013-03-17 - 2013-03-23,66
Rossmann_DE_BY,2013-03-24 - 2013-03-30,53
Rossmann_DE_BY,2013-03-31 - 2013-04-06,58
Rossmann_DE_BY,2013-04-07 - 2013-04-13,54
Rossmann_DE_BY,2013-04-14 - 2013-04-20,52
Rossmann_DE_BY,2013-04-21 - 2013-04-27,54
Rossmann_DE_BY,2013-04-28 - 2013-05-04,54
Rossmann_DE_BY,2013-05-05 - 2013-05-11,55
Rossmann_DE_BY,2013-05-12 - 2013-05-18,51
Rossmann_DE_BY,2013-05-19 - 2013-05-25,44
Rossmann_DE_BY,2013-05-26 - 2013-06-01,61
Rossmann_DE_BY,2013-06-02 - 2013-06-08,50
Rossmann_DE_BY,2013-06-09 - 2013-06-15,51
Rossmann_DE_BY,2013-06-16 - 2013-06-22,65
Rossmann_DE_BY,2013-06-23 - 2013-06-29,54
Rossmann_DE_BY,2013-06-30 - 2013-07-06,56
Rossmann_DE_BY,2013-07-07 - 2013-07-13,50
Rossmann_DE_BY,2013-07-14 - 2013-07-20,65
Rossmann_DE_BY,2013-07-21 - 2013-07-27,61
Rossmann_DE_BY,2013-07-28 - 2013-08-03,65
Rossmann_DE_BY,2013-08-04 - 2013-08-10,58
Rossmann_DE_BY,2013-08-11 - 2013-08-17,67
Rossmann_DE_BY,2013-08-18 - 2013-08-24,57
Rossmann_DE_BY,2013-08-25 - 2013-08-31,67
Rossmann_DE_BY,2013-09-01 - 2013-09-07,52
Rossmann_DE_BY,2013-09-08 - 2013-09-14,62
Rossmann_DE_BY,2013-09-15 - 2013-09-21,50
Rossmann_DE_BY,2013-09-22 - 2013-09-28,58
Rossmann_DE_BY,2013-09-29 - 2013-10-05,51
Rossmann_DE_BY,2013-10-06 - 2013-10-12,57
Rossmann_DE_BY,2013-10-13 - 2013-10-19,50
Rossmann_DE_BY,2013-10-20 - 2013-10-26,59
Rossmann_DE_BY,2013-10-27 - 2013-11-02,45
Rossmann_DE_BY,2013-11-03 - 2013-11-09,62
Rossmann_DE_BY,2013-11-10 - 2013-11-16,51
Rossmann_DE_BY,2013-11-17 - 2013-11-23,65
Rossmann_DE_BY,2013-11-24 - 2013-11-30,63
Rossmann_DE_BY,2013-12-01 - 2013-12-07,67
Rossmann_DE_BY,2013-12-08 - 2013-12-14,72
Rossmann_DE_BY,2013-12-15 - 2013-12-21,90
Rossmann_DE_BY,2013-12-22 - 2013-12-28,64
Rossmann_DE_BY,2013-12-29 - 2014-01-04,63
Rossmann_DE_BY,2014-01-05 - 2014-01-11,58
Rossmann_DE_BY,2014-01-12 - 2014-01-18,52
Rossmann_DE_BY,2014-01-19 - 2014-01-25,63
Rossmann_DE_BY,2014-01-26 - 2014-02-01,54
Rossmann_DE_BY,2014-02-02 - 2014-02-08,64
Rossmann_DE_BY,2014-02-09 - 2014-02-15,53
Rossmann_DE_BY,2014-02-16 - 2014-02-22,63
Rossmann_DE_BY,2014-02-23 - 2014-03-01,54
Rossmann_DE_BY,2014-03-02 - 2014-03-08,66
Rossmann_DE_BY,2014-03-09 - 2014-03-15,52
Rossmann_DE_BY,2014-03-16 - 2014-03-22,63
Rossmann_DE_BY,2014-03-23 - 2014-03-29,52
Rossmann_DE_BY,2014-03-30 - 2014-04-05,62
Rossmann_DE_BY,2014-04-06 - 2014-04-12,58
Rossmann_DE_BY,2014-04-13 - 2014-04-19,69
Rossmann_DE_BY,2014-04-20 - 2014-04-26,50
Rossmann_DE_BY,2014-04-27 - 2014-05-03,65
Rossmann_DE_BY,2014-05-04 - 2014-05-10,70
Rossmann_DE_BY,2014-05-11 - 2014-05-17,60
Rossmann_DE_BY,2014-05-18 - 2014-05-24,67
Rossmann_DE_BY,2014-05-25 - 2014-05-31,55
Rossmann_DE_BY,2014-06-01 - 2014-06-07,64
Rossmann_DE_BY,2014-06-08 - 2014-06-14,56
Rossmann_DE_BY,2014-06-15 - 2014-06-21,68
Rossmann_DE_BY,2014-06-22 - 2014-06-28,58
Rossmann_DE_BY,2014-06-29 - 2014-07-05,68
Rossmann_DE_BY,2014-07-06 - 2014-07-12,59
Rossmann_DE_BY,2014-07-13 - 2014-07-19,67
Rossmann_DE_BY,2014-07-20 - 2014-07-26,62
Rossmann_DE_BY,2014-07-27 - 2014-08-02,72
Rossmann_DE_BY,2014-08-03 - 2014-08-09,66
Rossmann_DE_BY,2014-08-10 - 2014-08-16,64
Rossmann_DE_BY,2014-08-17 - 2014-08-23,80
Rossmann_DE_BY,2014-08-24 - 2014-08-30,65
Rossmann_DE_BY,2014-08-31 - 2014-09-06,76
Rossmann_DE_BY,2014-09-07 - 2014-09-13,67
Rossmann_DE_BY,2014-09-14 - 2014-09-20,65
Rossmann_DE_BY,2014-09-21 - 2014-09-27,59
Rossmann_DE_BY,2014-09-28 - 2014-10-04,72
Rossmann_DE_BY,2014-10-05 - 2014-10-11,70
Rossmann_DE_BY,2014-10-12 - 2014-10-18,63
Rossmann_DE_BY,2014-10-19 - 2014-10-25,73
Rossmann_DE_BY,2014-10-26 - 2014-11-01,66
Rossmann_DE_BY,2014-11-02 - 2014-11-08,78
Rossmann_DE_BY,2014-11-09 - 2014-11-15,75
Rossmann_DE_BY,2014-11-16 - 2014-11-22,70
Rossmann_DE_BY,2014-11-23 - 2014-11-29,87
Rossmann_DE_BY,2014-11-30 - 2014-12-06,83
Rossmann_DE_BY,2014-12-07 - 2014-12-13,94
Rossmann_DE_BY,2014-12-14 - 2014-12-20,100
Rossmann_DE_BY,2014-12-21 - 2014-12-27,72
Rossmann_DE_BY,2014-12-28 - 2015-01-03,70
Rossmann_DE_BY,2015-01-04 - 2015-01-10,77
Rossmann_DE_BY,2015-01-11 - 2015-01-17,69
Rossmann_DE_BY,2015-01-18 - 2015-01-24,65
Rossmann_DE_BY,2015-01-25 - 2015-01-31,82
Rossmann_DE_BY,2015-02-01 - 2015-02-07,77
Rossmann_DE_BY,2015-02-08 - 2015-02-14,65
Rossmann_DE_BY,2015-02-15 - 2015-02-21,80
Rossmann_DE_BY,2015-02-22 - 2015-02-28,69
Rossmann_DE_BY,2015-03-01 - 2015-03-07,65
Rossmann_DE_BY,2015-03-08 - 2015-03-14,61
Rossmann_DE_BY,2015-03-15 - 2015-03-21,65
Rossmann_DE_BY,2015-03-22 - 2015-03-28,63
Rossmann_DE_BY,2015-03-29 - 2015-04-04,74
Rossmann_DE_BY,2015-04-05 - 2015-04-11,72
Rossmann_DE_BY,2015-04-12 - 2015-04-18,68
Rossmann_DE_BY,2015-04-19 - 2015-04-25,64
Rossmann_DE_BY,2015-04-26 - 2015-05-02,74
Rossmann_DE_BY,2015-05-03 - 2015-05-09,74
Rossmann_DE_BY,2015-05-10 - 2015-05-16,64
Rossmann_DE_BY,2015-05-17 - 2015-05-23,77
Rossmann_DE_BY,2015-05-24 - 2015-05-30,68
Rossmann_DE_BY,2015-05-31 - 2015-06-06,80
Rossmann_DE_BY,2015-06-07 - 2015-06-13,62
Rossmann_DE_BY,2015-06-14 - 2015-06-20,88
Rossmann_DE_BY,2015-06-21 - 2015-06-27,69
Rossmann_DE_BY,2015-06-28 - 2015-07-04,82
Rossmann_DE_BY,2015-07-05 - 2015-07-11,69
Rossmann_DE_BY,2015-07-12 - 2015-07-18,79
Rossmann_DE_BY,2015-07-19 - 2015-07-25,73
Rossmann_DE_BY,2015-07-26 - 2015-08-01,82
Rossmann_DE_BY,2015-08-02 - 2015-08-08,86
Rossmann_DE_BY,2015-08-09 - 2015-08-15,74
Rossmann_DE_BY,2015-08-16 - 2015-08-22,80
Rossmann_DE_BY,2015-08-23 - 2015-08-29,70
Rossmann_DE_BY,2015-08-30 - 2015-09-05,76
Rossmann_DE_BY,2015-09-06 - 2015-09-12,68
Rossmann_DE_BY,2015-09-13 - 2015-09-19,78
Rossmann_DE_BY,2015-09-20 - 2015-09-26,62
Rossmann_DE_BY,2015-09-27 - 2015-10-03,69
Rossmann_DE_TH,2012-12-02 - 2012-12-08,85
Rossmann_DE_TH,2012-12-09 - 2012-12-15,87
Rossmann_DE_TH,2012-12-16 - 2012-12-22,81
Rossmann_DE_TH,2012-12-23 - 2012-12-29,43
Rossmann_DE_TH,2012-12-30 - 2013-01-05,53
Rossmann_DE_TH,2013-01-06 - 2013-01-12,65
Rossmann_DE_TH,2013-01-13 - 2013-01-19,43
Rossmann_DE_TH,2013-01-20 - 2013-01-26,45
Rossmann_DE_TH,2013-01-27 - 2013-02-02,43
Rossmann_DE_TH,2013-02-03 - 2013-02-09,41
Rossmann_DE_TH,2013-02-10 - 2013-02-16,44
Rossmann_DE_TH,2013-02-17 - 2013-02-23,59
Rossmann_DE_TH,2013-02-24 - 2013-03-02,43
Rossmann_DE_TH,2013-03-03 - 2013-03-09,43
Rossmann_DE_TH,2013-03-10 - 2013-03-16,56
Rossmann_DE_TH,2013-03-17 - 2013-03-23,53
Rossmann_DE_TH,2013-03-24 - 2013-03-30,50
Rossmann_DE_TH,2013-03-31 - 2013-04-06,66
Rossmann_DE_TH,2013-04-07 - 2013-04-13,70
Rossmann_DE_TH,2013-04-14 - 2013-04-20,49
Rossmann_DE_TH,2013-04-21 - 2013-04-27,66
Rossmann_DE_TH,2013-04-28 - 2013-05-04,46
Rossmann_DE_TH,2013-05-05 - 2013-05-11,52
Rossmann_DE_TH,2013-05-12 - 2013-05-18,52
Rossmann_DE_TH,2013-05-19 - 2013-05-25,66
Rossmann_DE_TH,2013-05-26 - 2013-06-01,62
Rossmann_DE_TH,2013-06-02 - 2013-06-08,55
Rossmann_DE_TH,2013-06-09 - 2013-06-15,49
Rossmann_DE_TH,2013-06-16 - 2013-06-22,63
Rossmann_DE_TH,2013-06-23 - 2013-06-29,52
Rossmann_DE_TH,2013-06-30 - 2013-07-06,55
Rossmann_DE_TH,2013-07-07 - 2013-07-13,53
Rossmann_DE_TH,2013-07-14 - 2013-07-20,77
Rossmann_DE_TH,2013-07-21 - 2013-07-27,62
Rossmann_DE_TH,2013-07-28 - 2013-08-03,69
Rossmann_DE_TH,2013-08-04 - 2013-08-10,68
Rossmann_DE_TH,2013-08-11 - 2013-08-17,58
Rossmann_DE_TH,2013-08-18 - 2013-08-24,68
Rossmann_DE_TH,2013-08-25 - 2013-08-31,67
Rossmann_DE_TH,2013-09-01 - 2013-09-07,49
Rossmann_DE_TH,2013-09-08 - 2013-09-14,71
Rossmann_DE_TH,2013-09-15 - 2013-09-21,67
Rossmann_DE_TH,2013-09-22 - 2013-09-28,62
Rossmann_DE_TH,2013-09-29 - 2013-10-05,49
Rossmann_DE_TH,2013-10-06 - 2013-10-12,67
Rossmann_DE_TH,2013-10-13 - 2013-10-19,69
Rossmann_DE_TH,2013-10-20 - 2013-10-26,78
Rossmann_DE_TH,2013-10-27 - 2013-11-02,52
Rossmann_DE_TH,2013-11-03 - 2013-11-09,76
Rossmann_DE_TH,2013-11-10 - 2013-11-16,64
Rossmann_DE_TH,2013-11-17 - 2013-11-23,71
Rossmann_DE_TH,2013-11-24 - 2013-11-30,64
Rossmann_DE_TH,2013-12-01 - 2013-12-07,77
Rossmann_DE_TH,2013-12-08 - 2013-12-14,97
Rossmann_DE_TH,2013-12-15 - 2013-12-21,92
Rossmann_DE_TH,2013-12-22 - 2013-12-28,69
Rossmann_DE_TH,2013-12-29 - 2014-01-04,60
Rossmann_DE_TH,2014-01-05 - 2014-01-11,78
Rossmann_DE_TH,2014-01-12 - 2014-01-18,61
Rossmann_DE_TH,2014-01-19 - 2014-01-25,60
Rossmann_DE_TH,2014-01-26 - 2014-02-01,54
Rossmann_DE_TH,2014-02-02 - 2014-02-08,69
Rossmann_DE_TH,2014-02-09 - 2014-02-15,46
Rossmann_DE_TH,2014-02-16 - 2014-02-22,64
Rossmann_DE_TH,2014-02-23 - 2014-03-01,52
Rossmann_DE_TH,2014-03-02 - 2014-03-08,55
Rossmann_DE_TH,2014-03-09 - 2014-03-15,47
Rossmann_DE_TH,2014-03-16 - 2014-03-22,71
Rossmann_DE_TH,2014-03-23 - 2014-03-29,38
Rossmann_DE_TH,2014-03-30 - 2014-04-05,63
Rossmann_DE_TH,2014-04-06 - 2014-04-12,56
Rossmann_DE_TH,2014-04-13 - 2014-04-19,49
Rossmann_DE_TH,2014-04-20 - 2014-04-26,44
Rossmann_DE_TH,2014-04-27 - 2014-05-03,72
Rossmann_DE_TH,2014-05-04 - 2014-05-10,58
Rossmann_DE_TH,2014-05-11 - 2014-05-17,59
Rossmann_DE_TH,2014-05-18 - 2014-05-24,72
Rossmann_DE_TH,2014-05-25 - 2014-05-31,52
Rossmann_DE_TH,2014-06-01 - 2014-06-07,71
Rossmann_DE_TH,2014-06-08 - 2014-06-14,57
Rossmann_DE_TH,2014-06-15 - 2014-06-21,87
Rossmann_DE_TH,2014-06-22 - 2014-06-28,53
Rossmann_DE_TH,2014-06-29 - 2014-07-05,60
Rossmann_DE_TH,2014-07-06 - 2014-07-12,63
Rossmann_DE_TH,2014-07-13 - 2014-07-19,70
Rossmann_DE_TH,2014-07-20 - 2014-07-26,71
Rossmann_DE_TH,2014-07-27 - 2014-08-02,95
Rossmann_DE_TH,2014-08-03 - 2014-08-09,85
Rossmann_DE_TH,2014-08-10 - 2014-08-16,69
Rossmann_DE_TH,2014-08-17 - 2014-08-23,85
Rossmann_DE_TH,2014-08-24 - 2014-08-30,58
Rossmann_DE_TH,2014-08-31 - 2014-09-06,65
Rossmann_DE_TH,2014-09-07 - 2014-09-13,63
Rossmann_DE_TH,2014-09-14 - 2014-09-20,81
Rossmann_DE_TH,2014-09-21 - 2014-09-27,68
Rossmann_DE_TH,2014-09-28 - 2014-10-04,52
Rossmann_DE_TH,2014-10-05 - 2014-10-11,79
Rossmann_DE_TH,2014-10-12 - 2014-10-18,60
Rossmann_DE_TH,2014-10-19 - 2014-10-25,68
Rossmann_DE_TH,2014-10-26 - 2014-11-01,48
Rossmann_DE_TH,2014-11-02 - 2014-11-08,67
Rossmann_DE_TH,2014-11-09 - 2014-11-15,63
Rossmann_DE_TH,2014-11-16 - 2014-11-22,63
Rossmann_DE_TH,2014-11-23 - 2014-11-29,84
Rossmann_DE_TH,2014-11-30 - 2014-12-06,96
Rossmann_DE_TH,2014-12-07 - 2014-12-13,100
Rossmann_DE_TH,2014-12-14 - 2014-12-20,97
Rossmann_DE_TH,2014-12-21 - 2014-12-27,71
Rossmann_DE_TH,2014-12-28 - 2015-01-03,77
Rossmann_DE_TH,2015-01-04 - 2015-01-10,65
Rossmann_DE_TH,2015-01-11 - 2015-01-17,69
Rossmann_DE_TH,2015-01-18 - 2015-01-24,57
Rossmann_DE_TH,2015-01-25 - 2015-01-31,62
Rossmann_DE_TH,2015-02-01 - 2015-02-07,76
Rossmann_DE_TH,2015-02-08 - 2015-02-14,55
Rossmann_DE_TH,2015-02-15 - 2015-02-21,60
Rossmann_DE_TH,2015-02-22 - 2015-02-28,52
Rossmann_DE_TH,2015-03-01 - 2015-03-07,60
Rossmann_DE_TH,2015-03-08 - 2015-03-14,55
Rossmann_DE_TH,2015-03-15 - 2015-03-21,65
Rossmann_DE_TH,2015-03-22 - 2015-03-28,52
Rossmann_DE_TH,2015-03-29 - 2015-04-04,66
Rossmann_DE_TH,2015-04-05 - 2015-04-11,60
Rossmann_DE_TH,2015-04-12 - 2015-04-18,43
Rossmann_DE_TH,2015-04-19 - 2015-04-25,48
Rossmann_DE_TH,2015-04-26 - 2015-05-02,82
Rossmann_DE_TH,2015-05-03 - 2015-05-09,62
Rossmann_DE_TH,2015-05-10 - 2015-05-16,67
Rossmann_DE_TH,2015-05-17 - 2015-05-23,58
Rossmann_DE_TH,2015-05-24 - 2015-05-30,60
Rossmann_DE_TH,2015-05-31 - 2015-06-06,56
Rossmann_DE_TH,2015-06-07 - 2015-06-13,64
Rossmann_DE_TH,2015-06-14 - 2015-06-20,66
Rossmann_DE_TH,2015-06-21 - 2015-06-27,59
Rossmann_DE_TH,2015-06-28 - 2015-07-04,70
Rossmann_DE_TH,2015-07-05 - 2015-07-11,76
Rossmann_DE_TH,2015-07-12 - 2015-07-18,83
Rossmann_DE_TH,2015-07-19 - 2015-07-25,79
Rossmann_DE_TH,2015-07-26 - 2015-08-01,76
Rossmann_DE_TH,2015-08-02 - 2015-08-08,80
Rossmann_DE_TH,2015-08-09 - 2015-08-15,69
Rossmann_DE_TH,2015-08-16 - 2015-08-22,71
Rossmann_DE_TH,2015-08-23 - 2015-08-29,70
Rossmann_DE_TH,2015-08-30 - 2015-09-05,80
Rossmann_DE_TH,2015-09-06 - 2015-09-12,59
Rossmann_DE_TH,2015-09-13 - 2015-09-19,73
Rossmann_DE_TH,2015-09-20 - 2015-09-26,69
Rossmann_DE_TH,2015-09-27 - 2015-10-03,82
Rossmann_DE_NW,2012-12-02 - 2012-12-08,74
Rossmann_DE_NW,2012-12-09 - 2012-12-15,76
Rossmann_DE_NW,2012-12-16 - 2012-12-22,82
Rossmann_DE_NW,2012-12-23 - 2012-12-29,59
Rossmann_DE_NW,2012-12-30 - 2013-01-05,53
Rossmann_DE_NW,2013-01-06 - 2013-01-12,63
Rossmann_DE_NW,2013-01-13 - 2013-01-19,48
Rossmann_DE_NW,2013-01-20 - 2013-01-26,55
Rossmann_DE_NW,2013-01-27 - 2013-02-02,50
Rossmann_DE_NW,2013-02-03 - 2013-02-09,64
Rossmann_DE_NW,2013-02-10 - 2013-02-16,47
Rossmann_DE_NW,2013-02-17 - 2013-02-23,60
Rossmann_DE_NW,2013-02-24 - 2013-03-02,51
Rossmann_DE_NW,2013-03-03 - 2013-03-09,56
Rossmann_DE_NW,2013-03-10 - 2013-03-16,51
Rossmann_DE_NW,2013-03-17 - 2013-03-23,61
Rossmann_DE_NW,2013-03-24 - 2013-03-30,60
Rossmann_DE_NW,2013-03-31 - 2013-04-06,57
Rossmann_DE_NW,2013-04-07 - 2013-04-13,60
Rossmann_DE_NW,2013-04-14 - 2013-04-20,51
Rossmann_DE_NW,2013-04-21 - 2013-04-27,58
Rossmann_DE_NW,2013-04-28 - 2013-05-04,53
Rossmann_DE_NW,2013-05-05 - 2013-05-11,62
Rossmann_DE_NW,2013-05-12 - 2013-05-18,62
Rossmann_DE_NW,2013-05-19 - 2013-05-25,54
Rossmann_DE_NW,2013-05-26 - 2013-06-01,64
Rossmann_DE_NW,2013-06-02 - 2013-06-08,55
Rossmann_DE_NW,2013-06-09 - 2013-06-15,57
Rossmann_DE_NW,2013-06-16 - 2013-06-22,69
Rossmann_DE_NW,2013-06-23 - 2013-06-29,58
Rossmann_DE_NW,2013-06-30 - 2013-07-06,69
Rossmann_DE_NW,2013-07-07 - 2013-07-13,59
Rossmann_DE_NW,2013-07-14 - 2013-07-20,71
Rossmann_DE_NW,2013-07-21 - 2013-07-27,61
Rossmann_DE_NW,2013-07-28 - 2013-08-03,76
Rossmann_DE_NW,2013-08-04 - 2013-08-10,65
Rossmann_DE_NW,2013-08-11 - 2013-08-17,71
Rossmann_DE_NW,2013-08-18 - 2013-08-24,63
Rossmann_DE_NW,2013-08-25 - 2013-08-31,74
Rossmann_DE_NW,2013-09-01 - 2013-09-07,57
Rossmann_DE_NW,2013-09-08 - 2013-09-14,63
Rossmann_DE_NW,2013-09-15 - 2013-09-21,52
Rossmann_DE_NW,2013-09-22 - 2013-09-28,64
Rossmann_DE_NW,2013-09-29 - 2013-10-05,54
Rossmann_DE_NW,2013-10-06 - 2013-10-12,65
Rossmann_DE_NW,2013-10-13 - 2013-10-19,54
Rossmann_DE_NW,2013-10-20 - 2013-10-26,68
Rossmann_DE_NW,2013-10-27 - 2013-11-02,61
Rossmann_DE_NW,2013-11-03 - 2013-11-09,70
Rossmann_DE_NW,2013-11-10 - 2013-11-16,55
Rossmann_DE_NW,2013-11-17 - 2013-11-23,68
Rossmann_DE_NW,2013-11-24 - 2013-11-30,66
Rossmann_DE_NW,2013-12-01 - 2013-12-07,75
Rossmann_DE_NW,2013-12-08 - 2013-12-14,72
Rossmann_DE_NW,2013-12-15 - 2013-12-21,97
Rossmann_DE_NW,2013-12-22 - 2013-12-28,66
Rossmann_DE_NW,2013-12-29 - 2014-01-04,68
Rossmann_DE_NW,2014-01-05 - 2014-01-11,73
Rossmann_DE_NW,2014-01-12 - 2014-01-18,53
Rossmann_DE_NW,2014-01-19 - 2014-01-25,68
Rossmann_DE_NW,2014-01-26 - 2014-02-01,59
Rossmann_DE_NW,2014-02-02 - 2014-02-08,73
Rossmann_DE_NW,2014-02-09 - 2014-02-15,60
Rossmann_DE_NW,2014-02-16 - 2014-02-22,74
Rossmann_DE_NW,2014-02-23 - 2014-03-01,57
Rossmann_DE_NW,2014-03-02 - 2014-03-08,75
Rossmann_DE_NW,2014-03-09 - 2014-03-15,60
Rossmann_DE_NW,2014-03-16 - 2014-03-22,68
Rossmann_DE_NW,2014-03-23 - 2014-03-29,60
Rossmann_DE_NW,2014-03-30 - 2014-04-05,68
Rossmann_DE_NW,2014-04-06 - 2014-04-12,59
Rossmann_DE_NW,2014-04-13 - 2014-04-19,77
Rossmann_DE_NW,2014-04-20 - 2014-04-26,59
Rossmann_DE_NW,2014-04-27 - 2014-05-03,77
Rossmann_DE_NW,2014-05-04 - 2014-05-10,74
Rossmann_DE_NW,2014-05-11 - 2014-05-17,62
Rossmann_DE_NW,2014-05-18 - 2014-05-24,75
Rossmann_DE_NW,2014-05-25 - 2014-05-31,63
Rossmann_DE_NW,2014-06-01 - 2014-06-07,74
Rossmann_DE_NW,2014-06-08 - 2014-06-14,63
Rossmann_DE_NW,2014-06-15 - 2014-06-21,75
Rossmann_DE_NW,2014-06-22 - 2014-06-28,67
Rossmann_DE_NW,2014-06-29 - 2014-07-05,82
Rossmann_DE_NW,2014-07-06 - 2014-07-12,71
Rossmann_DE_NW,2014-07-13 - 2014-07-19,81
Rossmann_DE_NW,2014-07-20 - 2014-07-26,75
Rossmann_DE_NW,2014-07-27 - 2014-08-02,83
Rossmann_DE_NW,2014-08-03 - 2014-08-09,82
Rossmann_DE_NW,2014-08-10 - 2014-08-16,73
Rossmann_DE_NW,2014-08-17 - 2014-08-23,85
Rossmann_DE_NW,2014-08-24 - 2014-08-30,63
Rossmann_DE_NW,2014-08-31 - 2014-09-06,76
Rossmann_DE_NW,2014-09-07 - 2014-09-13,65
Rossmann_DE_NW,2014-09-14 - 2014-09-20,76
Rossmann_DE_NW,2014-09-21 - 2014-09-27,57
Rossmann_DE_NW,2014-09-28 - 2014-10-04,73
Rossmann_DE_NW,2014-10-05 - 2014-10-11,77
Rossmann_DE_NW,2014-10-12 - 2014-10-18,66
Rossmann_DE_NW,2014-10-19 - 2014-10-25,78
Rossmann_DE_NW,2014-10-26 - 2014-11-01,66
Rossmann_DE_NW,2014-11-02 - 2014-11-08,78
Rossmann_DE_NW,2014-11-09 - 2014-11-15,74
Rossmann_DE_NW,2014-11-16 - 2014-11-22,71
Rossmann_DE_NW,2014-11-23 - 2014-11-29,86
Rossmann_DE_NW,2014-11-30 - 2014-12-06,88
Rossmann_DE_NW,2014-12-07 - 2014-12-13,88
Rossmann_DE_NW,2014-12-14 - 2014-12-20,98
Rossmann_DE_NW,2014-12-21 - 2014-12-27,83
Rossmann_DE_NW,2014-12-28 - 2015-01-03,77
Rossmann_DE_NW,2015-01-04 - 2015-01-10,76
Rossmann_DE_NW,2015-01-11 - 2015-01-17,75
Rossmann_DE_NW,2015-01-18 - 2015-01-24,65
Rossmann_DE_NW,2015-01-25 - 2015-01-31,86
Rossmann_DE_NW,2015-02-01 - 2015-02-07,74
Rossmann_DE_NW,2015-02-08 - 2015-02-14,71
Rossmann_DE_NW,2015-02-15 - 2015-02-21,77
Rossmann_DE_NW,2015-02-22 - 2015-02-28,69
Rossmann_DE_NW,2015-03-01 - 2015-03-07,74
Rossmann_DE_NW,2015-03-08 - 2015-03-14,65
Rossmann_DE_NW,2015-03-15 - 2015-03-21,78
Rossmann_DE_NW,2015-03-22 - 2015-03-28,67
Rossmann_DE_NW,2015-03-29 - 2015-04-04,79
Rossmann_DE_NW,2015-04-05 - 2015-04-11,68
Rossmann_DE_NW,2015-04-12 - 2015-04-18,77
Rossmann_DE_NW,2015-04-19 - 2015-04-25,67
Rossmann_DE_NW,2015-04-26 - 2015-05-02,80
Rossmann_DE_NW,2015-05-03 - 2015-05-09,82
Rossmann_DE_NW,2015-05-10 - 2015-05-16,73
Rossmann_DE_NW,2015-05-17 - 2015-05-23,80
Rossmann_DE_NW,2015-05-24 - 2015-05-30,78
Rossmann_DE_NW,2015-05-31 - 2015-06-06,82
Rossmann_DE_NW,2015-06-07 - 2015-06-13,76
Rossmann_DE_NW,2015-06-14 - 2015-06-20,88
Rossmann_DE_NW,2015-06-21 - 2015-06-27,76
Rossmann_DE_NW,2015-06-28 - 2015-07-04,100
Rossmann_DE_NW,2015-07-05 - 2015-07-11,82
Rossmann_DE_NW,2015-07-12 - 2015-07-18,88
Rossmann_DE_NW,2015-07-19 - 2015-07-25,76
Rossmann_DE_NW,2015-07-26 - 2015-08-01,92
Rossmann_DE_NW,2015-08-02 - 2015-08-08,86
Rossmann_DE_NW,2015-08-09 - 2015-08-15,78
Rossmann_DE_NW,2015-08-16 - 2015-08-22,83
Rossmann_DE_NW,2015-08-23 - 2015-08-29,69
Rossmann_DE_NW,2015-08-30 - 2015-09-05,80
Rossmann_DE_NW,2015-09-06 - 2015-09-12,73
Rossmann_DE_NW,2015-09-13 - 2015-09-19,79
Rossmann_DE_NW,2015-09-20 - 2015-09-26,68
Rossmann_DE_NW,2015-09-27 - 2015-10-03,76
Rossmann_DE_BE,2012-12-02 - 2012-12-08,86
Rossmann_DE_BE,2012-12-09 - 2012-12-15,95
Rossmann_DE_BE,2012-12-16 - 2012-12-22,100
Rossmann_DE_BE,2012-12-23 - 2012-12-29,74
Rossmann_DE_BE,2012-12-30 - 2013-01-05,69
Rossmann_DE_BE,2013-01-06 - 2013-01-12,70
Rossmann_DE_BE,2013-01-13 - 2013-01-19,61
Rossmann_DE_BE,2013-01-20 - 2013-01-26,70
Rossmann_DE_BE,2013-01-27 - 2013-02-02,61
Rossmann_DE_BE,2013-02-03 - 2013-02-09,76
Rossmann_DE_BE,2013-02-10 - 2013-02-16,55
Rossmann_DE_BE,2013-02-17 - 2013-02-23,61
Rossmann_DE_BE,2013-02-24 - 2013-03-02,55
Rossmann_DE_BE,2013-03-03 - 2013-03-09,60
Rossmann_DE_BE,2013-03-10 - 2013-03-16,65
Rossmann_DE_BE,2013-03-17 - 2013-03-23,72
Rossmann_DE_BE,2013-03-24 - 2013-03-30,67
Rossmann_DE_BE,2013-03-31 - 2013-04-06,57
Rossmann_DE_BE,2013-04-07 - 2013-04-13,68
Rossmann_DE_BE,2013-04-14 - 2013-04-20,59
Rossmann_DE_BE,2013-04-21 - 2013-04-27,66
Rossmann_DE_BE,2013-04-28 - 2013-05-04,58
Rossmann_DE_BE,2013-05-05 - 2013-05-11,61
Rossmann_DE_BE,2013-05-12 - 2013-05-18,67
Rossmann_DE_BE,2013-05-19 - 2013-05-25,61
Rossmann_DE_BE,2013-05-26 - 2013-06-01,69
Rossmann_DE_BE,2013-06-02 - 2013-06-08,63
Rossmann_DE_BE,2013-06-09 - 2013-06-15,64
Rossmann_DE_BE,2013-06-16 - 2013-06-22,71
Rossmann_DE_BE,2013-06-23 - 2013-06-29,71
Rossmann_DE_BE,2013-06-30 - 2013-07-06,82
Rossmann_DE_BE,2013-07-07 - 2013-07-13,75
Rossmann_DE_BE,2013-07-14 - 2013-07-20,75
Rossmann_DE_BE,2013-07-21 - 2013-07-27,71
Rossmann_DE_BE,2013-07-28 - 2013-08-03,88
Rossmann_DE_BE,2013-08-04 - 2013-08-10,65
Rossmann_DE_BE,2013-08-11 - 2013-08-17,80
Rossmann_DE_BE,2013-08-18 - 2013-08-24,69
Rossmann_DE_BE,2013-08-25 - 2013-08-31,75
Rossmann_DE_BE,2013-09-01 - 2013-09-07,65
Rossmann_DE_BE,2013-09-08 - 2013-09-14,79
Rossmann_DE_BE,2013-09-15 - 2013-09-21,59
Rossmann_DE_BE,2013-09-22 - 2013-09-28,67
Rossmann_DE_BE,2013-09-29 - 2013-10-05,62
Rossmann_DE_BE,2013-10-06 - 2013-10-12,66
Rossmann_DE_BE,2013-10-13 - 2013-10-19,65
Rossmann_DE_BE,2013-10-20 - 2013-10-26,67
Rossmann_DE_BE,2013-10-27 - 2013-11-02,67
Rossmann_DE_BE,2013-11-03 - 2013-11-09,74
Rossmann_DE_BE,2013-11-10 - 2013-11-16,62
Rossmann_DE_BE,2013-11-17 - 2013-11-23,67
Rossmann_DE_BE,2013-11-24 - 2013-11-30,72
Rossmann_DE_BE,2013-12-01 - 2013-12-07,86
Rossmann_DE_BE,2013-12-08 - 2013-12-14,74
Rossmann_DE_BE,2013-12-15 - 2013-12-21,94
Rossmann_DE_BE,2013-12-22 - 2013-12-28,66
Rossmann_DE_BE,2013-12-29 - 2014-01-04,67
Rossmann_DE_BE,2014-01-05 - 2014-01-11,68
Rossmann_DE_BE,2014-01-12 - 2014-01-18,56
Rossmann_DE_BE,2014-01-19 - 2014-01-25,69
Rossmann_DE_BE,2014-01-26 - 2014-02-01,53
Rossmann_DE_BE,2014-02-02 - 2014-02-08,65
Rossmann_DE_BE,2014-02-09 - 2014-02-15,53
Rossmann_DE_BE,2014-02-16 - 2014-02-22,63
Rossmann_DE_BE,2014-02-23 - 2014-03-01,53
Rossmann_DE_BE,2014-03-02 - 2014-03-08,64
Rossmann_DE_BE,2014-03-09 - 2014-03-15,54
Rossmann_DE_BE,2014-03-16 - 2014-03-22,60
Rossmann_DE_BE,2014-03-23 - 2014-03-29,61
Rossmann_DE_BE,2014-03-30 - 2014-04-05,59
Rossmann_DE_BE,2014-04-06 - 2014-04-12,56
Rossmann_DE_BE,2014-04-13 - 2014-04-19,72
Rossmann_DE_BE,2014-04-20 - 2014-04-26,54
Rossmann_DE_BE,2014-04-27 - 2014-05-03,69
Rossmann_DE_BE,2014-05-04 - 2014-05-10,65
Rossmann_DE_BE,2014-05-11 - 2014-05-17,54
Rossmann_DE_BE,2014-05-18 - 2014-05-24,70
Rossmann_DE_BE,2014-05-25 - 2014-05-31,58
Rossmann_DE_BE,2014-06-01 - 2014-06-07,65
Rossmann_DE_BE,2014-06-08 - 2014-06-14,60
Rossmann_DE_BE,2014-06-15 - 2014-06-21,62
Rossmann_DE_BE,2014-06-22 - 2014-06-28,55
Rossmann_DE_BE,2014-06-29 - 2014-07-05,72
Rossmann_DE_BE,2014-07-06 - 2014-07-12,58
Rossmann_DE_BE,2014-07-13 - 2014-07-19,69
Rossmann_DE_BE,2014-07-20 - 2014-07-26,66
Rossmann_DE_BE,2014-07-27 - 2014-08-02,71
Rossmann_DE_BE,2014-08-03 - 2014-08-09,73
Rossmann_DE_BE,2014-08-10 - 2014-08-16,66
Rossmann_DE_BE,2014-08-17 - 2014-08-23,77
Rossmann_DE_BE,2014-08-24 - 2014-08-30,62
Rossmann_DE_BE,2014-08-31 - 2014-09-06,68
Rossmann_DE_BE,2014-09-07 - 2014-09-13,64
Rossmann_DE_BE,2014-09-14 - 2014-09-20,68
Rossmann_DE_BE,2014-09-21 - 2014-09-27,53
Rossmann_DE_BE,2014-09-28 - 2014-10-04,67
Rossmann_DE_BE,2014-10-05 - 2014-10-11,67
Rossmann_DE_BE,2014-10-12 - 2014-10-18,64
Rossmann_DE_BE,2014-10-19 - 2014-10-25,75
Rossmann_DE_BE,2014-10-26 - 2014-11-01,66
Rossmann_DE_BE,2014-11-02 - 2014-11-08,74
Rossmann_DE_BE,2014-11-09 - 2014-11-15,62
Rossmann_DE_BE,2014-11-16 - 2014-11-22,67
Rossmann_DE_BE,2014-11-23 - 2014-11-29,81
Rossmann_DE_BE,2014-11-30 - 2014-12-06,83
Rossmann_DE_BE,2014-12-07 - 2014-12-13,82
Rossmann_DE_BE,2014-12-14 - 2014-12-20,94
Rossmann_DE_BE,2014-12-21 - 2014-12-27,78
Rossmann_DE_BE,2014-12-28 - 2015-01-03,74
Rossmann_DE_BE,2015-01-04 - 2015-01-10,61
Rossmann_DE_BE,2015-01-11 - 2015-01-17,60
Rossmann_DE_BE,2015-01-18 - 2015-01-24,60
Rossmann_DE_BE,2015-01-25 - 2015-01-31,68
Rossmann_DE_BE,2015-02-01 - 2015-02-07,68
Rossmann_DE_BE,2015-02-08 - 2015-02-14,61
Rossmann_DE_BE,2015-02-15 - 2015-02-21,63
Rossmann_DE_BE,2015-02-22 - 2015-02-28,51
Rossmann_DE_BE,2015-03-01 - 2015-03-07,72
Rossmann_DE_BE,2015-03-08 - 2015-03-14,57
Rossmann_DE_BE,2015-03-15 - 2015-03-21,68
Rossmann_DE_BE,2015-03-22 - 2015-03-28,56
Rossmann_DE_BE,2015-03-29 - 2015-04-04,64
Rossmann_DE_BE,2015-04-05 - 2015-04-11,58
Rossmann_DE_BE,2015-04-12 - 2015-04-18,62
Rossmann_DE_BE,2015-04-19 - 2015-04-25,56
Rossmann_DE_BE,2015-04-26 - 2015-05-02,65
Rossmann_DE_BE,2015-05-03 - 2015-05-09,69
Rossmann_DE_BE,2015-05-10 - 2015-05-16,61
Rossmann_DE_BE,2015-05-17 - 2015-05-23,61
Rossmann_DE_BE,2015-05-24 - 2015-05-30,56
Rossmann_DE_BE,2015-05-31 - 2015-06-06,72
Rossmann_DE_BE,2015-06-07 - 2015-06-13,58
Rossmann_DE_BE,2015-06-14 - 2015-06-20,72
Rossmann_DE_BE,2015-06-21 - 2015-06-27,63
Rossmann_DE_BE,2015-06-28 - 2015-07-04,77
Rossmann_DE_BE,2015-07-05 - 2015-07-11,65
Rossmann_DE_BE,2015-07-12 - 2015-07-18,75
Rossmann_DE_BE,2015-07-19 - 2015-07-25,68
Rossmann_DE_BE,2015-07-26 - 2015-08-01,81
Rossmann_DE_BE,2015-08-02 - 2015-08-08,74
Rossmann_DE_BE,2015-08-09 - 2015-08-15,65
Rossmann_DE_BE,2015-08-16 - 2015-08-22,69
Rossmann_DE_BE,2015-08-23 - 2015-08-29,62
Rossmann_DE_BE,2015-08-30 - 2015-09-05,70
Rossmann_DE_BE,2015-09-06 - 2015-09-12,57
Rossmann_DE_BE,2015-09-13 - 2015-09-19,66
Rossmann_DE_BE,2015-09-20 - 2015-09-26,59
Rossmann_DE_BE,2015-09-27 - 2015-10-03,62
Rossmann_DE_RP,2012-12-02 - 2012-12-08,45
Rossmann_DE_RP,2012-12-09 - 2012-12-15,39
Rossmann_DE_RP,2012-12-16 - 2012-12-22,60
Rossmann_DE_RP,2012-12-23 - 2012-12-29,28
Rossmann_DE_RP,2012-12-30 - 2013-01-05,36
Rossmann_DE_RP,2013-01-06 - 2013-01-12,36
Rossmann_DE_RP,2013-01-13 - 2013-01-19,39
Rossmann_DE_RP,2013-01-20 - 2013-01-26,41
Rossmann_DE_RP,2013-01-27 - 2013-02-02,38
Rossmann_DE_RP,2013-02-03 - 2013-02-09,36
Rossmann_DE_RP,2013-02-10 - 2013-02-16,43
Rossmann_DE_RP,2013-02-17 - 2013-02-23,47
Rossmann_DE_RP,2013-02-24 - 2013-03-02,40
Rossmann_DE_RP,2013-03-03 - 2013-03-09,45
Rossmann_DE_RP,2013-03-10 - 2013-03-16,37
Rossmann_DE_RP,2013-03-17 - 2013-03-23,54
Rossmann_DE_RP,2013-03-24 - 2013-03-30,53
Rossmann_DE_RP,2013-03-31 - 2013-04-06,45
Rossmann_DE_RP,2013-04-07 - 2013-04-13,43
Rossmann_DE_RP,2013-04-14 - 2013-04-20,42
Rossmann_DE_RP,2013-04-21 - 2013-04-27,44
Rossmann_DE_RP,2013-04-28 - 2013-05-04,39
Rossmann_DE_RP,2013-05-05 - 2013-05-11,42
Rossmann_DE_RP,2013-05-12 - 2013-05-18,44
Rossmann_DE_RP,2013-05-19 - 2013-05-25,38
Rossmann_DE_RP,2013-05-26 - 2013-06-01,45
Rossmann_DE_RP,2013-06-02 - 2013-06-08,40
Rossmann_DE_RP,2013-06-09 - 2013-06-15,41
Rossmann_DE_RP,2013-06-16 - 2013-06-22,49
Rossmann_DE_RP,2013-06-23 - 2013-06-29,45
Rossmann_DE_RP,2013-06-30 - 2013-07-06,55
Rossmann_DE_RP,2013-07-07 - 2013-07-13,47
Rossmann_DE_RP,2013-07-14 - 2013-07-20,52
Rossmann_DE_RP,2013-07-21 - 2013-07-27,45
Rossmann_DE_RP,2013-07-28 - 2013-08-03,36
Rossmann_DE_RP,2013-08-04 - 2013-08-10,36
Rossmann_DE_RP,2013-08-11 - 2013-08-17,41
Rossmann_DE_RP,2013-08-18 - 2013-08-24,46
Rossmann_DE_RP,2013-08-25 - 2013-08-31,51
Rossmann_DE_RP,2013-09-01 - 2013-09-07,39
Rossmann_DE_RP,2013-09-08 - 2013-09-14,39
Rossmann_DE_RP,2013-09-15 - 2013-09-21,38
Rossmann_DE_RP,2013-09-22 - 2013-09-28,44
Rossmann_DE_RP,2013-09-29 - 2013-10-05,36
Rossmann_DE_RP,2013-10-06 - 2013-10-12,44
Rossmann_DE_RP,2013-10-13 - 2013-10-19,47
Rossmann_DE_RP,2013-10-20 - 2013-10-26,34
Rossmann_DE_RP,2013-10-27 - 2013-11-02,35
Rossmann_DE_RP,2013-11-03 - 2013-11-09,44
Rossmann_DE_RP,2013-11-10 - 2013-11-16,49
Rossmann_DE_RP,2013-11-17 - 2013-11-23,47
Rossmann_DE_RP,2013-11-24 - 2013-11-30,45
Rossmann_DE_RP,2013-12-01 - 2013-12-07,55
Rossmann_DE_RP,2013-12-08 - 2013-12-14,49
Rossmann_DE_RP,2013-12-15 - 2013-12-21,58
Rossmann_DE_RP,2013-12-22 - 2013-12-28,50
Rossmann_DE_RP,2013-12-29 - 2014-01-04,43
Rossmann_DE_RP,2014-01-05 - 2014-01-11,51
Rossmann_DE_RP,2014-01-12 - 2014-01-18,35
Rossmann_DE_RP,2014-01-19 - 2014-01-25,55
Rossmann_DE_RP,2014-01-26 - 2014-02-01,49
Rossmann_DE_RP,2014-02-02 - 2014-02-08,53
Rossmann_DE_RP,2014-02-09 - 2014-02-15,38
Rossmann_DE_RP,2014-02-16 - 2014-02-22,51
Rossmann_DE_RP,2014-02-23 - 2014-03-01,38
Rossmann_DE_RP,2014-03-02 - 2014-03-08,51
Rossmann_DE_RP,2014-03-09 - 2014-03-15,37
Rossmann_DE_RP,2014-03-16 - 2014-03-22,43
Rossmann_DE_RP,2014-03-23 - 2014-03-29,28
Rossmann_DE_RP,2014-03-30 - 2014-04-05,40
Rossmann_DE_RP,2014-04-06 - 2014-04-12,41
Rossmann_DE_RP,2014-04-13 - 2014-04-19,47
Rossmann_DE_RP,2014-04-20 - 2014-04-26,40
Rossmann_DE_RP,2014-04-27 - 2014-05-03,54
Rossmann_DE_RP,2014-05-04 - 2014-05-10,53
Rossmann_DE_RP,2014-05-11 - 2014-05-17,50
Rossmann_DE_RP,2014-05-18 - 2014-05-24,59
Rossmann_DE_RP,2014-05-25 - 2014-05-31,49
Rossmann_DE_RP,2014-06-01 - 2014-06-07,45
Rossmann_DE_RP,2014-06-08 - 2014-06-14,37
Rossmann_DE_RP,2014-06-15 - 2014-06-21,57
Rossmann_DE_RP,2014-06-22 - 2014-06-28,42
Rossmann_DE_RP,2014-06-29 - 2014-07-05,49
Rossmann_DE_RP,2014-07-06 - 2014-07-12,46
Rossmann_DE_RP,2014-07-13 - 2014-07-19,67
Rossmann_DE_RP,2014-07-20 - 2014-07-26,52
Rossmann_DE_RP,2014-07-27 - 2014-08-02,70
Rossmann_DE_RP,2014-08-03 - 2014-08-09,64
Rossmann_DE_RP,2014-08-10 - 2014-08-16,65
Rossmann_DE_RP,2014-08-17 - 2014-08-23,51
Rossmann_DE_RP,2014-08-24 - 2014-08-30,51
Rossmann_DE_RP,2014-08-31 - 2014-09-06,66
Rossmann_DE_RP,2014-09-07 - 2014-09-13,51
Rossmann_DE_RP,2014-09-14 - 2014-09-20,49
Rossmann_DE_RP,2014-09-21 - 2014-09-27,49
Rossmann_DE_RP,2014-09-28 - 2014-10-04,63
Rossmann_DE_RP,2014-10-05 - 2014-10-11,64
Rossmann_DE_RP,2014-10-12 - 2014-10-18,59
Rossmann_DE_RP,2014-10-19 - 2014-10-25,63
Rossmann_DE_RP,2014-10-26 - 2014-11-01,54
Rossmann_DE_RP,2014-11-02 - 2014-11-08,69
Rossmann_DE_RP,2014-11-09 - 2014-11-15,63
Rossmann_DE_RP,2014-11-16 - 2014-11-22,54
Rossmann_DE_RP,2014-11-23 - 2014-11-29,80
Rossmann_DE_RP,2014-11-30 - 2014-12-06,81
Rossmann_DE_RP,2014-12-07 - 2014-12-13,78
Rossmann_DE_RP,2014-12-14 - 2014-12-20,100
Rossmann_DE_RP,2014-12-21 - 2014-12-27,73
Rossmann_DE_RP,2014-12-28 - 2015-01-03,65
Rossmann_DE_RP,2015-01-04 - 2015-01-10,76
Rossmann_DE_RP,2015-01-11 - 2015-01-17,59
Rossmann_DE_RP,2015-01-18 - 2015-01-24,65
Rossmann_DE_RP,2015-01-25 - 2015-01-31,72
Rossmann_DE_RP,2015-02-01 - 2015-02-07,62
Rossmann_DE_RP,2015-02-08 - 2015-02-14,67
Rossmann_DE_RP,2015-02-15 - 2015-02-21,75
Rossmann_DE_RP,2015-02-22 - 2015-02-28,67
Rossmann_DE_RP,2015-03-01 - 2015-03-07,81
Rossmann_DE_RP,2015-03-08 - 2015-03-14,71
Rossmann_DE_RP,2015-03-15 - 2015-03-21,74
Rossmann_DE_RP,2015-03-22 - 2015-03-28,60
Rossmann_DE_RP,2015-03-29 - 2015-04-04,68
Rossmann_DE_RP,2015-04-05 - 2015-04-11,71
Rossmann_DE_RP,2015-04-12 - 2015-04-18,71
Rossmann_DE_RP,2015-04-19 - 2015-04-25,72
Rossmann_DE_RP,2015-04-26 - 2015-05-02,81
Rossmann_DE_RP,2015-05-03 - 2015-05-09,74
Rossmann_DE_RP,2015-05-10 - 2015-05-16,75
Rossmann_DE_RP,2015-05-17 - 2015-05-23,81
Rossmann_DE_RP,2015-05-24 - 2015-05-30,69
Rossmann_DE_RP,2015-05-31 - 2015-06-06,75
Rossmann_DE_RP,2015-06-07 - 2015-06-13,67
Rossmann_DE_RP,2015-06-14 - 2015-06-20,83
Rossmann_DE_RP,2015-06-21 - 2015-06-27,60
Rossmann_DE_RP,2015-06-28 - 2015-07-04,66
Rossmann_DE_RP,2015-07-05 - 2015-07-11,49
Rossmann_DE_RP,2015-07-12 - 2015-07-18,57
Rossmann_DE_RP,2015-07-19 - 2015-07-25,63
Rossmann_DE_RP,2015-07-26 - 2015-08-01,66
Rossmann_DE_RP,2015-08-02 - 2015-08-08,66
Rossmann_DE_RP,2015-08-09 - 2015-08-15,66
Rossmann_DE_RP,2015-08-16 - 2015-08-22,68
Rossmann_DE_RP,2015-08-23 - 2015-08-29,58
Rossmann_DE_RP,2015-08-30 - 2015-09-05,67
Rossmann_DE_RP,2015-09-06 - 2015-09-12,55
Rossmann_DE_RP,2015-09-13 - 2015-09-19,61
Rossmann_DE_RP,2015-09-20 - 2015-09-26,61
Rossmann_DE_RP,2015-09-27 - 2015-10-03,62
Rossmann_DE_BW,2012-12-02 - 2012-12-08,68
Rossmann_DE_BW,2012-12-09 - 2012-12-15,69
Rossmann_DE_BW,2012-12-16 - 2012-12-22,71
Rossmann_DE_BW,2012-12-23 - 2012-12-29,62
Rossmann_DE_BW,2012-12-30 - 2013-01-05,61
Rossmann_DE_BW,2013-01-06 - 2013-01-12,59
Rossmann_DE_BW,2013-01-13 - 2013-01-19,47
Rossmann_DE_BW,2013-01-20 - 2013-01-26,58
Rossmann_DE_BW,2013-01-27 - 2013-02-02,47
Rossmann_DE_BW,2013-02-03 - 2013-02-09,55
Rossmann_DE_BW,2013-02-10 - 2013-02-16,55
Rossmann_DE_BW,2013-02-17 - 2013-02-23,49
Rossmann_DE_BW,2013-02-24 - 2013-03-02,49
Rossmann_DE_BW,2013-03-03 - 2013-03-09,53
Rossmann_DE_BW,2013-03-10 - 2013-03-16,60
Rossmann_DE_BW,2013-03-17 - 2013-03-23,67
Rossmann_DE_BW,2013-03-24 - 2013-03-30,63
Rossmann_DE_BW,2013-03-31 - 2013-04-06,55
Rossmann_DE_BW,2013-04-07 - 2013-04-13,63
Rossmann_DE_BW,2013-04-14 - 2013-04-20,57
Rossmann_DE_BW,2013-04-21 - 2013-04-27,69
Rossmann_DE_BW,2013-04-28 - 2013-05-04,51
Rossmann_DE_BW,2013-05-05 - 2013-05-11,66
Rossmann_DE_BW,2013-05-12 - 2013-05-18,60
Rossmann_DE_BW,2013-05-19 - 2013-05-25,56
Rossmann_DE_BW,2013-05-26 - 2013-06-01,67
Rossmann_DE_BW,2013-06-02 - 2013-06-08,51
Rossmann_DE_BW,2013-06-09 - 2013-06-15,57
Rossmann_DE_BW,2013-06-16 - 2013-06-22,69
Rossmann_DE_BW,2013-06-23 - 2013-06-29,60
Rossmann_DE_BW,2013-06-30 - 2013-07-06,56
Rossmann_DE_BW,2013-07-07 - 2013-07-13,53
Rossmann_DE_BW,2013-07-14 - 2013-07-20,65
Rossmann_DE_BW,2013-07-21 - 2013-07-27,50
Rossmann_DE_BW,2013-07-28 - 2013-08-03,57
Rossmann_DE_BW,2013-08-04 - 2013-08-10,51
Rossmann_DE_BW,2013-08-11 - 2013-08-17,68
Rossmann_DE_BW,2013-08-18 - 2013-08-24,70
Rossmann_DE_BW,2013-08-25 - 2013-08-31,63
Rossmann_DE_BW,2013-09-01 - 2013-09-07,54
Rossmann_DE_BW,2013-09-08 - 2013-09-14,60
Rossmann_DE_BW,2013-09-15 - 2013-09-21,43
Rossmann_DE_BW,2013-09-22 - 2013-09-28,55
Rossmann_DE_BW,2013-09-29 - 2013-10-05,43
Rossmann_DE_BW,2013-10-06 - 2013-10-12,58
Rossmann_DE_BW,2013-10-13 - 2013-10-19,57
Rossmann_DE_BW,2013-10-20 - 2013-10-26,60
Rossmann_DE_BW,2013-10-27 - 2013-11-02,60
Rossmann_DE_BW,2013-11-03 - 2013-11-09,64
Rossmann_DE_BW,2013-11-10 - 2013-11-16,54
Rossmann_DE_BW,2013-11-17 - 2013-11-23,67
Rossmann_DE_BW,2013-11-24 - 2013-11-30,60
Rossmann_DE_BW,2013-12-01 - 2013-12-07,71
Rossmann_DE_BW,2013-12-08 - 2013-12-14,66
Rossmann_DE_BW,2013-12-15 - 2013-12-21,80
Rossmann_DE_BW,2013-12-22 - 2013-12-28,51
Rossmann_DE_BW,2013-12-29 - 2014-01-04,71
Rossmann_DE_BW,2014-01-05 - 2014-01-11,59
Rossmann_DE_BW,2014-01-12 - 2014-01-18,64
Rossmann_DE_BW,2014-01-19 - 2014-01-25,68
Rossmann_DE_BW,2014-01-26 - 2014-02-01,58
Rossmann_DE_BW,2014-02-02 - 2014-02-08,61
Rossmann_DE_BW,2014-02-09 - 2014-02-15,62
Rossmann_DE_BW,2014-02-16 - 2014-02-22,70
Rossmann_DE_BW,2014-02-23 - 2014-03-01,61
Rossmann_DE_BW,2014-03-02 - 2014-03-08,62
Rossmann_DE_BW,2014-03-09 - 2014-03-15,46
Rossmann_DE_BW,2014-03-16 - 2014-03-22,73
Rossmann_DE_BW,2014-03-23 - 2014-03-29,56
Rossmann_DE_BW,2014-03-30 - 2014-04-05,63
Rossmann_DE_BW,2014-04-06 - 2014-04-12,64
Rossmann_DE_BW,2014-04-13 - 2014-04-19,68
Rossmann_DE_BW,2014-04-20 - 2014-04-26,59
Rossmann_DE_BW,2014-04-27 - 2014-05-03,75
Rossmann_DE_BW,2014-05-04 - 2014-05-10,66
Rossmann_DE_BW,2014-05-11 - 2014-05-17,71
Rossmann_DE_BW,2014-05-18 - 2014-05-24,64
Rossmann_DE_BW,2014-05-25 - 2014-05-31,59
Rossmann_DE_BW,2014-06-01 - 2014-06-07,77
Rossmann_DE_BW,2014-06-08 - 2014-06-14,59
Rossmann_DE_BW,2014-06-15 - 2014-06-21,70
Rossmann_DE_BW,2014-06-22 - 2014-06-28,62
Rossmann_DE_BW,2014-06-29 - 2014-07-05,76
Rossmann_DE_BW,2014-07-06 - 2014-07-12,52
Rossmann_DE_BW,2014-07-13 - 2014-07-19,71
Rossmann_DE_BW,2014-07-20 - 2014-07-26,62
Rossmann_DE_BW,2014-07-27 - 2014-08-02,75
Rossmann_DE_BW,2014-08-03 - 2014-08-09,76
Rossmann_DE_BW,2014-08-10 - 2014-08-16,68
Rossmann_DE_BW,2014-08-17 - 2014-08-23,80
Rossmann_DE_BW,2014-08-24 - 2014-08-30,69
Rossmann_DE_BW,2014-08-31 - 2014-09-06,81
Rossmann_DE_BW,2014-09-07 - 2014-09-13,65
Rossmann_DE_BW,2014-09-14 - 2014-09-20,65
Rossmann_DE_BW,2014-09-21 - 2014-09-27,56
Rossmann_DE_BW,2014-09-28 - 2014-10-04,80
Rossmann_DE_BW,2014-10-05 - 2014-10-11,65
Rossmann_DE_BW,2014-10-12 - 2014-10-18,67
Rossmann_DE_BW,2014-10-19 - 2014-10-25,67
Rossmann_DE_BW,2014-10-26 - 2014-11-01,74
Rossmann_DE_BW,2014-11-02 - 2014-11-08,80
Rossmann_DE_BW,2014-11-09 - 2014-11-15,70
Rossmann_DE_BW,2014-11-16 - 2014-11-22,69
Rossmann_DE_BW,2014-11-23 - 2014-11-29,97
Rossmann_DE_BW,2014-11-30 - 2014-12-06,88
Rossmann_DE_BW,2014-12-07 - 2014-12-13,85
Rossmann_DE_BW,2014-12-14 - 2014-12-20,93
Rossmann_DE_BW,2014-12-21 - 2014-12-27,72
Rossmann_DE_BW,2014-12-28 - 2015-01-03,75
Rossmann_DE_BW,2015-01-04 - 2015-01-10,70
Rossmann_DE_BW,2015-01-11 - 2015-01-17,74
Rossmann_DE_BW,2015-01-18 - 2015-01-24,70
Rossmann_DE_BW,2015-01-25 - 2015-01-31,93
Rossmann_DE_BW,2015-02-01 - 2015-02-07,71
Rossmann_DE_BW,2015-02-08 - 2015-02-14,68
Rossmann_DE_BW,2015-02-15 - 2015-02-21,93
Rossmann_DE_BW,2015-02-22 - 2015-02-28,61
Rossmann_DE_BW,2015-03-01 - 2015-03-07,77
Rossmann_DE_BW,2015-03-08 - 2015-03-14,73
Rossmann_DE_BW,2015-03-15 - 2015-03-21,82
Rossmann_DE_BW,2015-03-22 - 2015-03-28,70
Rossmann_DE_BW,2015-03-29 - 2015-04-04,92
Rossmann_DE_BW,2015-04-05 - 2015-04-11,78
Rossmann_DE_BW,2015-04-12 - 2015-04-18,72
Rossmann_DE_BW,2015-04-19 - 2015-04-25,82
Rossmann_DE_BW,2015-04-26 - 2015-05-02,82
Rossmann_DE_BW,2015-05-03 - 2015-05-09,79
Rossmann_DE_BW,2015-05-10 - 2015-05-16,84
Rossmann_DE_BW,2015-05-17 - 2015-05-23,81
Rossmann_DE_BW,2015-05-24 - 2015-05-30,83
Rossmann_DE_BW,2015-05-31 - 2015-06-06,94
Rossmann_DE_BW,2015-06-07 - 2015-06-13,80
Rossmann_DE_BW,2015-06-14 - 2015-06-20,100
Rossmann_DE_BW,2015-06-21 - 2015-06-27,78
Rossmann_DE_BW,2015-06-28 - 2015-07-04,79
Rossmann_DE_BW,2015-07-05 - 2015-07-11,74
Rossmann_DE_BW,2015-07-12 - 2015-07-18,84
Rossmann_DE_BW,2015-07-19 - 2015-07-25,63
Rossmann_DE_BW,2015-07-26 - 2015-08-01,92
Rossmann_DE_BW,2015-08-02 - 2015-08-08,91
Rossmann_DE_BW,2015-08-09 - 2015-08-15,83
Rossmann_DE_BW,2015-08-16 - 2015-08-22,82
Rossmann_DE_BW,2015-08-23 - 2015-08-29,68
Rossmann_DE_BW,2015-08-30 - 2015-09-05,83
Rossmann_DE_BW,2015-09-06 - 2015-09-12,66
Rossmann_DE_BW,2015-09-13 - 2015-09-19,82
Rossmann_DE_BW,2015-09-20 - 2015-09-26,68
Rossmann_DE_BW,2015-09-27 - 2015-10-03,75
Rossmann_DE_NI,2012-12-02 - 2012-12-08,76
Rossmann_DE_NI,2012-12-09 - 2012-12-15,73
Rossmann_DE_NI,2012-12-16 - 2012-12-22,84
Rossmann_DE_NI,2012-12-23 - 2012-12-29,53
Rossmann_DE_NI,2012-12-30 - 2013-01-05,51
Rossmann_DE_NI,2013-01-06 - 2013-01-12,52
Rossmann_DE_NI,2013-01-13 - 2013-01-19,39
Rossmann_DE_NI,2013-01-20 - 2013-01-26,45
Rossmann_DE_NI,2013-01-27 - 2013-02-02,43
Rossmann_DE_NI,2013-02-03 - 2013-02-09,45
Rossmann_DE_NI,2013-02-10 - 2013-02-16,43
Rossmann_DE_NI,2013-02-17 - 2013-02-23,58
Rossmann_DE_NI,2013-02-24 - 2013-03-02,50
Rossmann_DE_NI,2013-03-03 - 2013-03-09,52
Rossmann_DE_NI,2013-03-10 - 2013-03-16,50
Rossmann_DE_NI,2013-03-17 - 2013-03-23,63
Rossmann_DE_NI,2013-03-24 - 2013-03-30,57
Rossmann_DE_NI,2013-03-31 - 2013-04-06,52
Rossmann_DE_NI,2013-04-07 - 2013-04-13,55
Rossmann_DE_NI,2013-04-14 - 2013-04-20,48
Rossmann_DE_NI,2013-04-21 - 2013-04-27,53
Rossmann_DE_NI,2013-04-28 - 2013-05-04,55
Rossmann_DE_NI,2013-05-05 - 2013-05-11,51
Rossmann_DE_NI,2013-05-12 - 2013-05-18,61
Rossmann_DE_NI,2013-05-19 - 2013-05-25,51
Rossmann_DE_NI,2013-05-26 - 2013-06-01,66
Rossmann_DE_NI,2013-06-02 - 2013-06-08,55
Rossmann_DE_NI,2013-06-09 - 2013-06-15,58
Rossmann_DE_NI,2013-06-16 - 2013-06-22,62
Rossmann_DE_NI,2013-06-23 - 2013-06-29,65
Rossmann_DE_NI,2013-06-30 - 2013-07-06,54
Rossmann_DE_NI,2013-07-07 - 2013-07-13,49
Rossmann_DE_NI,2013-07-14 - 2013-07-20,55
Rossmann_DE_NI,2013-07-21 - 2013-07-27,52
Rossmann_DE_NI,2013-07-28 - 2013-08-03,60
Rossmann_DE_NI,2013-08-04 - 2013-08-10,47
Rossmann_DE_NI,2013-08-11 - 2013-08-17,53
Rossmann_DE_NI,2013-08-18 - 2013-08-24,48
Rossmann_DE_NI,2013-08-25 - 2013-08-31,53
Rossmann_DE_NI,2013-09-01 - 2013-09-07,45
Rossmann_DE_NI,2013-09-08 - 2013-09-14,47
Rossmann_DE_NI,2013-09-15 - 2013-09-21,42
Rossmann_DE_NI,2013-09-22 - 2013-09-28,50
Rossmann_DE_NI,2013-09-29 - 2013-10-05,43
Rossmann_DE_NI,2013-10-06 - 2013-10-12,50
Rossmann_DE_NI,2013-10-13 - 2013-10-19,46
Rossmann_DE_NI,2013-10-20 - 2013-10-26,48
Rossmann_DE_NI,2013-10-27 - 2013-11-02,46
Rossmann_DE_NI,2013-11-03 - 2013-11-09,53
Rossmann_DE_NI,2013-11-10 - 2013-11-16,46
Rossmann_DE_NI,2013-11-17 - 2013-11-23,58
Rossmann_DE_NI,2013-11-24 - 2013-11-30,52
Rossmann_DE_NI,2013-12-01 - 2013-12-07,60
Rossmann_DE_NI,2013-12-08 - 2013-12-14,78
Rossmann_DE_NI,2013-12-15 - 2013-12-21,88
Rossmann_DE_NI,2013-12-22 - 2013-12-28,54
Rossmann_DE_NI,2013-12-29 - 2014-01-04,54
Rossmann_DE_NI,2014-01-05 - 2014-01-11,60
Rossmann_DE_NI,2014-01-12 - 2014-01-18,51
Rossmann_DE_NI,2014-01-19 - 2014-01-25,62
Rossmann_DE_NI,2014-01-26 - 2014-02-01,50
Rossmann_DE_NI,2014-02-02 - 2014-02-08,57
Rossmann_DE_NI,2014-02-09 - 2014-02-15,47
Rossmann_DE_NI,2014-02-16 - 2014-02-22,57
Rossmann_DE_NI,2014-02-23 - 2014-03-01,49
Rossmann_DE_NI,2014-03-02 - 2014-03-08,62
Rossmann_DE_NI,2014-03-09 - 2014-03-15,45
Rossmann_DE_NI,2014-03-16 - 2014-03-22,60
Rossmann_DE_NI,2014-03-23 - 2014-03-29,49
Rossmann_DE_NI,2014-03-30 - 2014-04-05,58
Rossmann_DE_NI,2014-04-06 - 2014-04-12,56
Rossmann_DE_NI,2014-04-13 - 2014-04-19,64
Rossmann_DE_NI,2014-04-20 - 2014-04-26,55
Rossmann_DE_NI,2014-04-27 - 2014-05-03,64
Rossmann_DE_NI,2014-05-04 - 2014-05-10,68
Rossmann_DE_NI,2014-05-11 - 2014-05-17,52
Rossmann_DE_NI,2014-05-18 - 2014-05-24,58
Rossmann_DE_NI,2014-05-25 - 2014-05-31,47
Rossmann_DE_NI,2014-06-01 - 2014-06-07,59
Rossmann_DE_NI,2014-06-08 - 2014-06-14,52
Rossmann_DE_NI,2014-06-15 - 2014-06-21,73
Rossmann_DE_NI,2014-06-22 - 2014-06-28,59
Rossmann_DE_NI,2014-06-29 - 2014-07-05,71
Rossmann_DE_NI,2014-07-06 - 2014-07-12,57
Rossmann_DE_NI,2014-07-13 - 2014-07-19,64
Rossmann_DE_NI,2014-07-20 - 2014-07-26,63
Rossmann_DE_NI,2014-07-27 - 2014-08-02,75
Rossmann_DE_NI,2014-08-03 - 2014-08-09,74
Rossmann_DE_NI,2014-08-10 - 2014-08-16,68
Rossmann_DE_NI,2014-08-17 - 2014-08-23,78
Rossmann_DE_NI,2014-08-24 - 2014-08-30,62
Rossmann_DE_NI,2014-08-31 - 2014-09-06,75
Rossmann_DE_NI,2014-09-07 - 2014-09-13,63
Rossmann_DE_NI,2014-09-14 - 2014-09-20,66
Rossmann_DE_NI,2014-09-21 - 2014-09-27,58
Rossmann_DE_NI,2014-09-28 - 2014-10-04,70
Rossmann_DE_NI,2014-10-05 - 2014-10-11,56
Rossmann_DE_NI,2014-10-12 - 2014-10-18,61
Rossmann_DE_NI,2014-10-19 - 2014-10-25,64
Rossmann_DE_NI,2014-10-26 - 2014-11-01,62
Rossmann_DE_NI,2014-11-02 - 2014-11-08,68
Rossmann_DE_NI,2014-11-09 - 2014-11-15,62
Rossmann_DE_NI,2014-11-16 - 2014-11-22,66
Rossmann_DE_NI,2014-11-23 - 2014-11-29,81
Rossmann_DE_NI,2014-11-30 - 2014-12-06,82
Rossmann_DE_NI,2014-12-07 - 2014-12-13,82
Rossmann_DE_NI,2014-12-14 - 2014-12-20,100
Rossmann_DE_NI,2014-12-21 - 2014-12-27,78
Rossmann_DE_NI,2014-12-28 - 2015-01-03,65
Rossmann_DE_NI,2015-01-04 - 2015-01-10,63
Rossmann_DE_NI,2015-01-11 - 2015-01-17,62
Rossmann_DE_NI,2015-01-18 - 2015-01-24,55
Rossmann_DE_NI,2015-01-25 - 2015-01-31,68
Rossmann_DE_NI,2015-02-01 - 2015-02-07,67
Rossmann_DE_NI,2015-02-08 - 2015-02-14,58
Rossmann_DE_NI,2015-02-15 - 2015-02-21,67
Rossmann_DE_NI,2015-02-22 - 2015-02-28,56
Rossmann_DE_NI,2015-03-01 - 2015-03-07,66
Rossmann_DE_NI,2015-03-08 - 2015-03-14,56
Rossmann_DE_NI,2015-03-15 - 2015-03-21,61
Rossmann_DE_NI,2015-03-22 - 2015-03-28,62
Rossmann_DE_NI,2015-03-29 - 2015-04-04,63
Rossmann_DE_NI,2015-04-05 - 2015-04-11,62
Rossmann_DE_NI,2015-04-12 - 2015-04-18,65
Rossmann_DE_NI,2015-04-19 - 2015-04-25,58
Rossmann_DE_NI,2015-04-26 - 2015-05-02,74
Rossmann_DE_NI,2015-05-03 - 2015-05-09,69
Rossmann_DE_NI,2015-05-10 - 2015-05-16,60
Rossmann_DE_NI,2015-05-17 - 2015-05-23,61
Rossmann_DE_NI,2015-05-24 - 2015-05-30,59
Rossmann_DE_NI,2015-05-31 - 2015-06-06,68
Rossmann_DE_NI,2015-06-07 - 2015-06-13,61
Rossmann_DE_NI,2015-06-14 - 2015-06-20,71
Rossmann_DE_NI,2015-06-21 - 2015-06-27,68
Rossmann_DE_NI,2015-06-28 - 2015-07-04,86
Rossmann_DE_NI,2015-07-05 - 2015-07-11,72
Rossmann_DE_NI,2015-07-12 - 2015-07-18,86
Rossmann_DE_NI,2015-07-19 - 2015-07-25,77
Rossmann_DE_NI,2015-07-26 - 2015-08-01,86
Rossmann_DE_NI,2015-08-02 - 2015-08-08,80
Rossmann_DE_NI,2015-08-09 - 2015-08-15,82
Rossmann_DE_NI,2015-08-16 - 2015-08-22,84
Rossmann_DE_NI,2015-08-23 - 2015-08-29,71
Rossmann_DE_NI,2015-08-30 - 2015-09-05,76
Rossmann_DE_NI,2015-09-06 - 2015-09-12,69
Rossmann_DE_NI,2015-09-13 - 2015-09-19,74
Rossmann_DE_NI,2015-09-20 - 2015-09-26,70
Rossmann_DE_NI,2015-09-27 - 2015-10-03,68
Rossmann_DE_SH,2012-12-02 - 2012-12-08,82
Rossmann_DE_SH,2012-12-09 - 2012-12-15,82
Rossmann_DE_SH,2012-12-16 - 2012-12-22,100
Rossmann_DE_SH,2012-12-23 - 2012-12-29,53
Rossmann_DE_SH,2012-12-30 - 2013-01-05,65
Rossmann_DE_SH,2013-01-06 - 2013-01-12,72
Rossmann_DE_SH,2013-01-13 - 2013-01-19,57
Rossmann_DE_SH,2013-01-20 - 2013-01-26,61
Rossmann_DE_SH,2013-01-27 - 2013-02-02,43
Rossmann_DE_SH,2013-02-03 - 2013-02-09,68
Rossmann_DE_SH,2013-02-10 - 2013-02-16,51
Rossmann_DE_SH,2013-02-17 - 2013-02-23,66
Rossmann_DE_SH,2013-02-24 - 2013-03-02,51
Rossmann_DE_SH,2013-03-03 - 2013-03-09,55
Rossmann_DE_SH,2013-03-10 - 2013-03-16,48
Rossmann_DE_SH,2013-03-17 - 2013-03-23,58
Rossmann_DE_SH,2013-03-24 - 2013-03-30,51
Rossmann_DE_SH,2013-03-31 - 2013-04-06,53
Rossmann_DE_SH,2013-04-07 - 2013-04-13,59
Rossmann_DE_SH,2013-04-14 - 2013-04-20,64
Rossmann_DE_SH,2013-04-21 - 2013-04-27,65
Rossmann_DE_SH,2013-04-28 - 2013-05-04,46
Rossmann_DE_SH,2013-05-05 - 2013-05-11,52
Rossmann_DE_SH,2013-05-12 - 2013-05-18,61
Rossmann_DE_SH,2013-05-19 - 2013-05-25,49
Rossmann_DE_SH,2013-05-26 - 2013-06-01,54
Rossmann_DE_SH,2013-06-02 - 2013-06-08,58
Rossmann_DE_SH,2013-06-09 - 2013-06-15,50
Rossmann_DE_SH,2013-06-16 - 2013-06-22,74
Rossmann_DE_SH,2013-06-23 - 2013-06-29,63
Rossmann_DE_SH,2013-06-30 - 2013-07-06,77
Rossmann_DE_SH,2013-07-07 - 2013-07-13,53
Rossmann_DE_SH,2013-07-14 - 2013-07-20,75
Rossmann_DE_SH,2013-07-21 - 2013-07-27,66
Rossmann_DE_SH,2013-07-28 - 2013-08-03,77
Rossmann_DE_SH,2013-08-04 - 2013-08-10,70
Rossmann_DE_SH,2013-08-11 - 2013-08-17,72
Rossmann_DE_SH,2013-08-18 - 2013-08-24,64
Rossmann_DE_SH,2013-08-25 - 2013-08-31,76
Rossmann_DE_SH,2013-09-01 - 2013-09-07,55
Rossmann_DE_SH,2013-09-08 - 2013-09-14,70
Rossmann_DE_SH,2013-09-15 - 2013-09-21,48
Rossmann_DE_SH,2013-09-22 - 2013-09-28,68
Rossmann_DE_SH,2013-09-29 - 2013-10-05,47
Rossmann_DE_SH,2013-10-06 - 2013-10-12,65
Rossmann_DE_SH,2013-10-13 - 2013-10-19,66
Rossmann_DE_SH,2013-10-20 - 2013-10-26,68
Rossmann_DE_SH,2013-10-27 - 2013-11-02,64
Rossmann_DE_SH,2013-11-03 - 2013-11-09,75
Rossmann_DE_SH,2013-11-10 - 2013-11-16,65
Rossmann_DE_SH,2013-11-17 - 2013-11-23,76
Rossmann_DE_SH,2013-11-24 - 2013-11-30,66
Rossmann_DE_SH,2013-12-01 - 2013-12-07,77
Rossmann_DE_SH,2013-12-08 - 2013-12-14,71
Rossmann_DE_SH,2013-12-15 - 2013-12-21,91
Rossmann_DE_SH,2013-12-22 - 2013-12-28,54
Rossmann_DE_SH,2013-12-29 - 2014-01-04,56
Rossmann_DE_SH,2014-01-05 - 2014-01-11,59
Rossmann_DE_SH,2014-01-12 - 2014-01-18,55
Rossmann_DE_SH,2014-01-19 - 2014-01-25,59
Rossmann_DE_SH,2014-01-26 - 2014-02-01,46
Rossmann_DE_SH,2014-02-02 - 2014-02-08,66
Rossmann_DE_SH,2014-02-09 - 2014-02-15,48
Rossmann_DE_SH,2014-02-16 - 2014-02-22,62
Rossmann_DE_SH,2014-02-23 - 2014-03-01,54
Rossmann_DE_SH,2014-03-02 - 2014-03-08,55
Rossmann_DE_SH,2014-03-09 - 2014-03-15,38
Rossmann_DE_SH,2014-03-16 - 2014-03-22,63
Rossmann_DE_SH,2014-03-23 - 2014-03-29,53
Rossmann_DE_SH,2014-03-30 - 2014-04-05,56
Rossmann_DE_SH,2014-04-06 - 2014-04-12,38
Rossmann_DE_SH,2014-04-13 - 2014-04-19,62
Rossmann_DE_SH,2014-04-20 - 2014-04-26,54
Rossmann_DE_SH,2014-04-27 - 2014-05-03,67
Rossmann_DE_SH,2014-05-04 - 2014-05-10,62
Rossmann_DE_SH,2014-05-11 - 2014-05-17,47
Rossmann_DE_SH,2014-05-18 - 2014-05-24,67
Rossmann_DE_SH,2014-05-25 - 2014-05-31,56
Rossmann_DE_SH,2014-06-01 - 2014-06-07,73
Rossmann_DE_SH,2014-06-08 - 2014-06-14,50
Rossmann_DE_SH,2014-06-15 - 2014-06-21,61
Rossmann_DE_SH,2014-06-22 - 2014-06-28,47
Rossmann_DE_SH,2014-06-29 - 2014-07-05,70
Rossmann_DE_SH,2014-07-06 - 2014-07-12,63
Rossmann_DE_SH,2014-07-13 - 2014-07-19,85
Rossmann_DE_SH,2014-07-20 - 2014-07-26,65
Rossmann_DE_SH,2014-07-27 - 2014-08-02,72
Rossmann_DE_SH,2014-08-03 - 2014-08-09,65
Rossmann_DE_SH,2014-08-10 - 2014-08-16,69
Rossmann_DE_SH,2014-08-17 - 2014-08-23,76
Rossmann_DE_SH,2014-08-24 - 2014-08-30,68
Rossmann_DE_SH,2014-08-31 - 2014-09-06,75
Rossmann_DE_SH,2014-09-07 - 2014-09-13,52
Rossmann_DE_SH,2014-09-14 - 2014-09-20,74
Rossmann_DE_SH,2014-09-21 - 2014-09-27,45
Rossmann_DE_SH,2014-09-28 - 2014-10-04,60
Rossmann_DE_SH,2014-10-05 - 2014-10-11,58
Rossmann_DE_SH,2014-10-12 - 2014-10-18,62
Rossmann_DE_SH,2014-10-19 - 2014-10-25,72
Rossmann_DE_SH,2014-10-26 - 2014-11-01,58
Rossmann_DE_SH,2014-11-02 - 2014-11-08,67
Rossmann_DE_SH,2014-11-09 - 2014-11-15,75
Rossmann_DE_SH,2014-11-16 - 2014-11-22,65
Rossmann_DE_SH,2014-11-23 - 2014-11-29,84
Rossmann_DE_SH,2014-11-30 - 2014-12-06,87
Rossmann_DE_SH,2014-12-07 - 2014-12-13,89
Rossmann_DE_SH,2014-12-14 - 2014-12-20,92
Rossmann_DE_SH,2014-12-21 - 2014-12-27,67
Rossmann_DE_SH,2014-12-28 - 2015-01-03,59
Rossmann_DE_SH,2015-01-04 - 2015-01-10,77
Rossmann_DE_SH,2015-01-11 - 2015-01-17,56
Rossmann_DE_SH,2015-01-18 - 2015-01-24,55
Rossmann_DE_SH,2015-01-25 - 2015-01-31,65
Rossmann_DE_SH,2015-02-01 - 2015-02-07,56
Rossmann_DE_SH,2015-02-08 - 2015-02-14,47
Rossmann_DE_SH,2015-02-15 - 2015-02-21,55
Rossmann_DE_SH,2015-02-22 - 2015-02-28,55
Rossmann_DE_SH,2015-03-01 - 2015-03-07,62
Rossmann_DE_SH,2015-03-08 - 2015-03-14,57
Rossmann_DE_SH,2015-03-15 - 2015-03-21,68
Rossmann_DE_SH,2015-03-22 - 2015-03-28,54
Rossmann_DE_SH,2015-03-29 - 2015-04-04,61
Rossmann_DE_SH,2015-04-05 - 2015-04-11,58
Rossmann_DE_SH,2015-04-12 - 2015-04-18,68
Rossmann_DE_SH,2015-04-19 - 2015-04-25,51
Rossmann_DE_SH,2015-04-26 - 2015-05-02,72
Rossmann_DE_SH,2015-05-03 - 2015-05-09,58
Rossmann_DE_SH,2015-05-10 - 2015-05-16,59
Rossmann_DE_SH,2015-05-17 - 2015-05-23,62
Rossmann_DE_SH,2015-05-24 - 2015-05-30,66
Rossmann_DE_SH,2015-05-31 - 2015-06-06,64
Rossmann_DE_SH,2015-06-07 - 2015-06-13,61
Rossmann_DE_SH,2015-06-14 - 2015-06-20,69
Rossmann_DE_SH,2015-06-21 - 2015-06-27,56
Rossmann_DE_SH,2015-06-28 - 2015-07-04,94
Rossmann_DE_SH,2015-07-05 - 2015-07-11,71
Rossmann_DE_SH,2015-07-12 - 2015-07-18,79
Rossmann_DE_SH,2015-07-19 - 2015-07-25,64
Rossmann_DE_SH,2015-07-26 - 2015-08-01,84
Rossmann_DE_SH,2015-08-02 - 2015-08-08,77
Rossmann_DE_SH,2015-08-09 - 2015-08-15,69
Rossmann_DE_SH,2015-08-16 - 2015-08-22,79
Rossmann_DE_SH,2015-08-23 - 2015-08-29,73
Rossmann_DE_SH,2015-08-30 - 2015-09-05,80
Rossmann_DE_SH,2015-09-06 - 2015-09-12,74
Rossmann_DE_SH,2015-09-13 - 2015-09-19,74
Rossmann_DE_SH,2015-09-20 - 2015-09-26,59
Rossmann_DE_SH,2015-09-27 - 2015-10-03,51
Rossmann_DE_HE,2012-12-02 - 2012-12-08,79
Rossmann_DE_HE,2012-12-09 - 2012-12-15,85
Rossmann_DE_HE,2012-12-16 - 2012-12-22,95
Rossmann_DE_HE,2012-12-23 - 2012-12-29,59
Rossmann_DE_HE,2012-12-30 - 2013-01-05,61
Rossmann_DE_HE,2013-01-06 - 2013-01-12,73
Rossmann_DE_HE,2013-01-13 - 2013-01-19,54
Rossmann_DE_HE,2013-01-20 - 2013-01-26,64
Rossmann_DE_HE,2013-01-27 - 2013-02-02,50
Rossmann_DE_HE,2013-02-03 - 2013-02-09,56
Rossmann_DE_HE,2013-02-10 - 2013-02-16,52
Rossmann_DE_HE,2013-02-17 - 2013-02-23,66
Rossmann_DE_HE,2013-02-24 - 2013-03-02,53
Rossmann_DE_HE,2013-03-03 - 2013-03-09,59
Rossmann_DE_HE,2013-03-10 - 2013-03-16,57
Rossmann_DE_HE,2013-03-17 - 2013-03-23,70
Rossmann_DE_HE,2013-03-24 - 2013-03-30,62
Rossmann_DE_HE,2013-03-31 - 2013-04-06,61
Rossmann_DE_HE,2013-04-07 - 2013-04-13,58
Rossmann_DE_HE,2013-04-14 - 2013-04-20,44
Rossmann_DE_HE,2013-04-21 - 2013-04-27,63
Rossmann_DE_HE,2013-04-28 - 2013-05-04,62
Rossmann_DE_HE,2013-05-05 - 2013-05-11,65
Rossmann_DE_HE,2013-05-12 - 2013-05-18,59
Rossmann_DE_HE,2013-05-19 - 2013-05-25,53
Rossmann_DE_HE,2013-05-26 - 2013-06-01,64
Rossmann_DE_HE,2013-06-02 - 2013-06-08,61
Rossmann_DE_HE,2013-06-09 - 2013-06-15,55
Rossmann_DE_HE,2013-06-16 - 2013-06-22,68
Rossmann_DE_HE,2013-06-23 - 2013-06-29,57
Rossmann_DE_HE,2013-06-30 - 2013-07-06,61
Rossmann_DE_HE,2013-07-07 - 2013-07-13,60
Rossmann_DE_HE,2013-07-14 - 2013-07-20,72
Rossmann_DE_HE,2013-07-21 - 2013-07-27,65
Rossmann_DE_HE,2013-07-28 - 2013-08-03,73
Rossmann_DE_HE,2013-08-04 - 2013-08-10,62
Rossmann_DE_HE,2013-08-11 - 2013-08-17,71
Rossmann_DE_HE,2013-08-18 - 2013-08-24,60
Rossmann_DE_HE,2013-08-25 - 2013-08-31,67
Rossmann_DE_HE,2013-09-01 - 2013-09-07,63
Rossmann_DE_HE,2013-09-08 - 2013-09-14,69
Rossmann_DE_HE,2013-09-15 - 2013-09-21,60
Rossmann_DE_HE,2013-09-22 - 2013-09-28,55
Rossmann_DE_HE,2013-09-29 - 2013-10-05,56
Rossmann_DE_HE,2013-10-06 - 2013-10-12,65
Rossmann_DE_HE,2013-10-13 - 2013-10-19,55
Rossmann_DE_HE,2013-10-20 - 2013-10-26,69
Rossmann_DE_HE,2013-10-27 - 2013-11-02,63
Rossmann_DE_HE,2013-11-03 - 2013-11-09,68
Rossmann_DE_HE,2013-11-10 - 2013-11-16,57
Rossmann_DE_HE,2013-11-17 - 2013-11-23,71
Rossmann_DE_HE,2013-11-24 - 2013-11-30,71
Rossmann_DE_HE,2013-12-01 - 2013-12-07,69
Rossmann_DE_HE,2013-12-08 - 2013-12-14,80
Rossmann_DE_HE,2013-12-15 - 2013-12-21,100
Rossmann_DE_HE,2013-12-22 - 2013-12-28,70
Rossmann_DE_HE,2013-12-29 - 2014-01-04,67
Rossmann_DE_HE,2014-01-05 - 2014-01-11,72
Rossmann_DE_HE,2014-01-12 - 2014-01-18,53
Rossmann_DE_HE,2014-01-19 - 2014-01-25,63
Rossmann_DE_HE,2014-01-26 - 2014-02-01,62
Rossmann_DE_HE,2014-02-02 - 2014-02-08,71
Rossmann_DE_HE,2014-02-09 - 2014-02-15,64
Rossmann_DE_HE,2014-02-16 - 2014-02-22,76
Rossmann_DE_HE,2014-02-23 - 2014-03-01,59
Rossmann_DE_HE,2014-03-02 - 2014-03-08,74
Rossmann_DE_HE,2014-03-09 - 2014-03-15,50
Rossmann_DE_HE,2014-03-16 - 2014-03-22,72
Rossmann_DE_HE,2014-03-23 - 2014-03-29,59
Rossmann_DE_HE,2014-03-30 - 2014-04-05,71
Rossmann_DE_HE,2014-04-06 - 2014-04-12,57
Rossmann_DE_HE,2014-04-13 - 2014-04-19,66
Rossmann_DE_HE,2014-04-20 - 2014-04-26,58
Rossmann_DE_HE,2014-04-27 - 2014-05-03,81
Rossmann_DE_HE,2014-05-04 - 2014-05-10,69
Rossmann_DE_HE,2014-05-11 - 2014-05-17,63
Rossmann_DE_HE,2014-05-18 - 2014-05-24,69
Rossmann_DE_HE,2014-05-25 - 2014-05-31,65
Rossmann_DE_HE,2014-06-01 - 2014-06-07,68
Rossmann_DE_HE,2014-06-08 - 2014-06-14,64
Rossmann_DE_HE,2014-06-15 - 2014-06-21,79
Rossmann_DE_HE,2014-06-22 - 2014-06-28,58
Rossmann_DE_HE,2014-06-29 - 2014-07-05,89
Rossmann_DE_HE,2014-07-06 - 2014-07-12,65
Rossmann_DE_HE,2014-07-13 - 2014-07-19,74
Rossmann_DE_HE,2014-07-20 - 2014-07-26,61
Rossmann_DE_HE,2014-07-27 - 2014-08-02,80
Rossmann_DE_HE,2014-08-03 - 2014-08-09,77
Rossmann_DE_HE,2014-08-10 - 2014-08-16,71
Rossmann_DE_HE,2014-08-17 - 2014-08-23,75
Rossmann_DE_HE,2014-08-24 - 2014-08-30,70
Rossmann_DE_HE,2014-08-31 - 2014-09-06,74
Rossmann_DE_HE,2014-09-07 - 2014-09-13,63
Rossmann_DE_HE,2014-09-14 - 2014-09-20,73
Rossmann_DE_HE,2014-09-21 - 2014-09-27,57
Rossmann_DE_HE,2014-09-28 - 2014-10-04,69
Rossmann_DE_HE,2014-10-05 - 2014-10-11,71
Rossmann_DE_HE,2014-10-12 - 2014-10-18,59
Rossmann_DE_HE,2014-10-19 - 2014-10-25,74
Rossmann_DE_HE,2014-10-26 - 2014-11-01,61
Rossmann_DE_HE,2014-11-02 - 2014-11-08,82
Rossmann_DE_HE,2014-11-09 - 2014-11-15,69
Rossmann_DE_HE,2014-11-16 - 2014-11-22,68
Rossmann_DE_HE,2014-11-23 - 2014-11-29,84
Rossmann_DE_HE,2014-11-30 - 2014-12-06,88
Rossmann_DE_HE,2014-12-07 - 2014-12-13,88
Rossmann_DE_HE,2014-12-14 - 2014-12-20,93
Rossmann_DE_HE,2014-12-21 - 2014-12-27,84
Rossmann_DE_HE,2014-12-28 - 2015-01-03,66
Rossmann_DE_HE,2015-01-04 - 2015-01-10,76
Rossmann_DE_HE,2015-01-11 - 2015-01-17,71
Rossmann_DE_HE,2015-01-18 - 2015-01-24,69
Rossmann_DE_HE,2015-01-25 - 2015-01-31,84
Rossmann_DE_HE,2015-02-01 - 2015-02-07,77
Rossmann_DE_HE,2015-02-08 - 2015-02-14,69
Rossmann_DE_HE,2015-02-15 - 2015-02-21,73
Rossmann_DE_HE,2015-02-22 - 2015-02-28,62
Rossmann_DE_HE,2015-03-01 - 2015-03-07,75
Rossmann_DE_HE,2015-03-08 - 2015-03-14,70
Rossmann_DE_HE,2015-03-15 - 2015-03-21,75
Rossmann_DE_HE,2015-03-22 - 2015-03-28,63
Rossmann_DE_HE,2015-03-29 - 2015-04-04,79
Rossmann_DE_HE,2015-04-05 - 2015-04-11,68
Rossmann_DE_HE,2015-04-12 - 2015-04-18,73
Rossmann_DE_HE,2015-04-19 - 2015-04-25,61
Rossmann_DE_HE,2015-04-26 - 2015-05-02,72
Rossmann_DE_HE,2015-05-03 - 2015-05-09,77
Rossmann_DE_HE,2015-05-10 - 2015-05-16,62
Rossmann_DE_HE,2015-05-17 - 2015-05-23,76
Rossmann_DE_HE,2015-05-24 - 2015-05-30,60
Rossmann_DE_HE,2015-05-31 - 2015-06-06,88
Rossmann_DE_HE,2015-06-07 - 2015-06-13,71
Rossmann_DE_HE,2015-06-14 - 2015-06-20,85
Rossmann_DE_HE,2015-06-21 - 2015-06-27,69
Rossmann_DE_HE,2015-06-28 - 2015-07-04,82
Rossmann_DE_HE,2015-07-05 - 2015-07-11,76
Rossmann_DE_HE,2015-07-12 - 2015-07-18,90
Rossmann_DE_HE,2015-07-19 - 2015-07-25,68
Rossmann_DE_HE,2015-07-26 - 2015-08-01,91
Rossmann_DE_HE,2015-08-02 - 2015-08-08,85
Rossmann_DE_HE,2015-08-09 - 2015-08-15,82
Rossmann_DE_HE,2015-08-16 - 2015-08-22,86
Rossmann_DE_HE,2015-08-23 - 2015-08-29,76
Rossmann_DE_HE,2015-08-30 - 2015-09-05,91
Rossmann_DE_HE,2015-09-06 - 2015-09-12,67
Rossmann_DE_HE,2015-09-13 - 2015-09-19,81
Rossmann_DE_HE,2015-09-20 - 2015-09-26,69
Rossmann_DE_HE,2015-09-27 - 2015-10-03,75
Rossmann_DE_ST,2012-12-02 - 2012-12-08,100
Rossmann_DE_ST,2012-12-09 - 2012-12-15,87
Rossmann_DE_ST,2012-12-16 - 2012-12-22,83
Rossmann_DE_ST,2012-12-23 - 2012-12-29,56
Rossmann_DE_ST,2012-12-30 - 2013-01-05,60
Rossmann_DE_ST,2013-01-06 - 2013-01-12,72
Rossmann_DE_ST,2013-01-13 - 2013-01-19,49
Rossmann_DE_ST,2013-01-20 - 2013-01-26,64
Rossmann_DE_ST,2013-01-27 - 2013-02-02,42
Rossmann_DE_ST,2013-02-03 - 2013-02-09,79
Rossmann_DE_ST,2013-02-10 - 2013-02-16,54
Rossmann_DE_ST,2013-02-17 - 2013-02-23,73
Rossmann_DE_ST,2013-02-24 - 2013-03-02,56
Rossmann_DE_ST,2013-03-03 - 2013-03-09,57
Rossmann_DE_ST,2013-03-10 - 2013-03-16,53
Rossmann_DE_ST,2013-03-17 - 2013-03-23,71
Rossmann_DE_ST,2013-03-24 - 2013-03-30,74
Rossmann_DE_ST,2013-03-31 - 2013-04-06,65
Rossmann_DE_ST,2013-04-07 - 2013-04-13,71
Rossmann_DE_ST,2013-04-14 - 2013-04-20,56
Rossmann_DE_ST,2013-04-21 - 2013-04-27,72
Rossmann_DE_ST,2013-04-28 - 2013-05-04,56
Rossmann_DE_ST,2013-05-05 - 2013-05-11,62
Rossmann_DE_ST,2013-05-12 - 2013-05-18,64
Rossmann_DE_ST,2013-05-19 - 2013-05-25,52
Rossmann_DE_ST,2013-05-26 - 2013-06-01,59
Rossmann_DE_ST,2013-06-02 - 2013-06-08,43
Rossmann_DE_ST,2013-06-09 - 2013-06-15,48
Rossmann_DE_ST,2013-06-16 - 2013-06-22,81
Rossmann_DE_ST,2013-06-23 - 2013-06-29,56
Rossmann_DE_ST,2013-06-30 - 2013-07-06,69
Rossmann_DE_ST,2013-07-07 - 2013-07-13,63
Rossmann_DE_ST,2013-07-14 - 2013-07-20,68
Rossmann_DE_ST,2013-07-21 - 2013-07-27,68
Rossmann_DE_ST,2013-07-28 - 2013-08-03,80
Rossmann_DE_ST,2013-08-04 - 2013-08-10,72
Rossmann_DE_ST,2013-08-11 - 2013-08-17,70
Rossmann_DE_ST,2013-08-18 - 2013-08-24,74
Rossmann_DE_ST,2013-08-25 - 2013-08-31,76
Rossmann_DE_ST,2013-09-01 - 2013-09-07,48
Rossmann_DE_ST,2013-09-08 - 2013-09-14,64
Rossmann_DE_ST,2013-09-15 - 2013-09-21,46
Rossmann_DE_ST,2013-09-22 - 2013-09-28,68
Rossmann_DE_ST,2013-09-29 - 2013-10-05,51
Rossmann_DE_ST,2013-10-06 - 2013-10-12,60
Rossmann_DE_ST,2013-10-13 - 2013-10-19,52
Rossmann_DE_ST,2013-10-20 - 2013-10-26,72
Rossmann_DE_ST,2013-10-27 - 2013-11-02,46
Rossmann_DE_ST,2013-11-03 - 2013-11-09,66
Rossmann_DE_ST,2013-11-10 - 2013-11-16,50
Rossmann_DE_ST,2013-11-17 - 2013-11-23,77
Rossmann_DE_ST,2013-11-24 - 2013-11-30,66
Rossmann_DE_ST,2013-12-01 - 2013-12-07,82
Rossmann_DE_ST,2013-12-08 - 2013-12-14,87
Rossmann_DE_ST,2013-12-15 - 2013-12-21,80
Rossmann_DE_ST,2013-12-22 - 2013-12-28,45
Rossmann_DE_ST,2013-12-29 - 2014-01-04,61
Rossmann_DE_ST,2014-01-05 - 2014-01-11,51
Rossmann_DE_ST,2014-01-12 - 2014-01-18,45
Rossmann_DE_ST,2014-01-19 - 2014-01-25,55
Rossmann_DE_ST,2014-01-26 - 2014-02-01,57
Rossmann_DE_ST,2014-02-02 - 2014-02-08,52
Rossmann_DE_ST,2014-02-09 - 2014-02-15,67
Rossmann_DE_ST,2014-02-16 - 2014-02-22,66
Rossmann_DE_ST,2014-02-23 - 2014-03-01,56
Rossmann_DE_ST,2014-03-02 - 2014-03-08,60
Rossmann_DE_ST,2014-03-09 - 2014-03-15,52
Rossmann_DE_ST,2014-03-16 - 2014-03-22,72
Rossmann_DE_ST,2014-03-23 - 2014-03-29,60
Rossmann_DE_ST,2014-03-30 - 2014-04-05,60
Rossmann_DE_ST,2014-04-06 - 2014-04-12,54
Rossmann_DE_ST,2014-04-13 - 2014-04-19,59
Rossmann_DE_ST,2014-04-20 - 2014-04-26,46
Rossmann_DE_ST,2014-04-27 - 2014-05-03,68
Rossmann_DE_ST,2014-05-04 - 2014-05-10,64
Rossmann_DE_ST,2014-05-11 - 2014-05-17,37
Rossmann_DE_ST,2014-05-18 - 2014-05-24,55
Rossmann_DE_ST,2014-05-25 - 2014-05-31,59
Rossmann_DE_ST,2014-06-01 - 2014-06-07,75
Rossmann_DE_ST,2014-06-08 - 2014-06-14,53
Rossmann_DE_ST,2014-06-15 - 2014-06-21,68
Rossmann_DE_ST,2014-06-22 - 2014-06-28,61
Rossmann_DE_ST,2014-06-29 - 2014-07-05,76
Rossmann_DE_ST,2014-07-06 - 2014-07-12,71
Rossmann_DE_ST,2014-07-13 - 2014-07-19,65
Rossmann_DE_ST,2014-07-20 - 2014-07-26,61
Rossmann_DE_ST,2014-07-27 - 2014-08-02,83
Rossmann_DE_ST,2014-08-03 - 2014-08-09,75
Rossmann_DE_ST,2014-08-10 - 2014-08-16,68
Rossmann_DE_ST,2014-08-17 - 2014-08-23,78
Rossmann_DE_ST,2014-08-24 - 2014-08-30,73
Rossmann_DE_ST,2014-08-31 - 2014-09-06,69
Rossmann_DE_ST,2014-09-07 - 2014-09-13,53
Rossmann_DE_ST,2014-09-14 - 2014-09-20,69
Rossmann_DE_ST,2014-09-21 - 2014-09-27,63
Rossmann_DE_ST,2014-09-28 - 2014-10-04,52
Rossmann_DE_ST,2014-10-05 - 2014-10-11,57
Rossmann_DE_ST,2014-10-12 - 2014-10-18,64
Rossmann_DE_ST,2014-10-19 - 2014-10-25,65
Rossmann_DE_ST,2014-10-26 - 2014-11-01,60
Rossmann_DE_ST,2014-11-02 - 2014-11-08,58
Rossmann_DE_ST,2014-11-09 - 2014-11-15,64
Rossmann_DE_ST,2014-11-16 - 2014-11-22,69
Rossmann_DE_ST,2014-11-23 - 2014-11-29,70
Rossmann_DE_ST,2014-11-30 - 2014-12-06,76
Rossmann_DE_ST,2014-12-07 - 2014-12-13,84
Rossmann_DE_ST,2014-12-14 - 2014-12-20,88
Rossmann_DE_ST,2014-12-21 - 2014-12-27,48
Rossmann_DE_ST,2014-12-28 - 2015-01-03,53
Rossmann_DE_ST,2015-01-04 - 2015-01-10,61
Rossmann_DE_ST,2015-01-11 - 2015-01-17,55
Rossmann_DE_ST,2015-01-18 - 2015-01-24,44
Rossmann_DE_ST,2015-01-25 - 2015-01-31,65
Rossmann_DE_ST,2015-02-01 - 2015-02-07,61
Rossmann_DE_ST,2015-02-08 - 2015-02-14,69
Rossmann_DE_ST,2015-02-15 - 2015-02-21,60
Rossmann_DE_ST,2015-02-22 - 2015-02-28,60
Rossmann_DE_ST,2015-03-01 - 2015-03-07,59
Rossmann_DE_ST,2015-03-08 - 2015-03-14,50
Rossmann_DE_ST,2015-03-15 - 2015-03-21,71
Rossmann_DE_ST,2015-03-22 - 2015-03-28,59
Rossmann_DE_ST,2015-03-29 - 2015-04-04,49
Rossmann_DE_ST,2015-04-05 - 2015-04-11,40
Rossmann_DE_ST,2015-04-12 - 2015-04-18,63
Rossmann_DE_ST,2015-04-19 - 2015-04-25,41
Rossmann_DE_ST,2015-04-26 - 2015-05-02,63
Rossmann_DE_ST,2015-05-03 - 2015-05-09,63
Rossmann_DE_ST,2015-05-10 - 2015-05-16,49
Rossmann_DE_ST,2015-05-17 - 2015-05-23,51
Rossmann_DE_ST,2015-05-24 - 2015-05-30,52
Rossmann_DE_ST,2015-05-31 - 2015-06-06,57
Rossmann_DE_ST,2015-06-07 - 2015-06-13,72
Rossmann_DE_ST,2015-06-14 - 2015-06-20,75
Rossmann_DE_ST,2015-06-21 - 2015-06-27,53
Rossmann_DE_ST,2015-06-28 - 2015-07-04,76
Rossmann_DE_ST,2015-07-05 - 2015-07-11,58
Rossmann_DE_ST,2015-07-12 - 2015-07-18,75
Rossmann_DE_ST,2015-07-19 - 2015-07-25,77
Rossmann_DE_ST,2015-07-26 - 2015-08-01,87
Rossmann_DE_ST,2015-08-02 - 2015-08-08,62
Rossmann_DE_ST,2015-08-09 - 2015-08-15,81
Rossmann_DE_ST,2015-08-16 - 2015-08-22,70
Rossmann_DE_ST,2015-08-23 - 2015-08-29,63
Rossmann_DE_ST,2015-08-30 - 2015-09-05,72
Rossmann_DE_ST,2015-09-06 - 2015-09-12,68
Rossmann_DE_ST,2015-09-13 - 2015-09-19,81
Rossmann_DE_ST,2015-09-20 - 2015-09-26,43
Rossmann_DE_ST,2015-09-27 - 2015-10-03,72
Rossmann_DE_HH,2012-12-02 - 2012-12-08,81
Rossmann_DE_HH,2012-12-09 - 2012-12-15,72
Rossmann_DE_HH,2012-12-16 - 2012-12-22,78
Rossmann_DE_HH,2012-12-23 - 2012-12-29,59
Rossmann_DE_HH,2012-12-30 - 2013-01-05,60
Rossmann_DE_HH,2013-01-06 - 2013-01-12,63
Rossmann_DE_HH,2013-01-13 - 2013-01-19,48
Rossmann_DE_HH,2013-01-20 - 2013-01-26,53
Rossmann_DE_HH,2013-01-27 - 2013-02-02,47
Rossmann_DE_HH,2013-02-03 - 2013-02-09,55
Rossmann_DE_HH,2013-02-10 - 2013-02-16,45
Rossmann_DE_HH,2013-02-17 - 2013-02-23,61
Rossmann_DE_HH,2013-02-24 - 2013-03-02,41
Rossmann_DE_HH,2013-03-03 - 2013-03-09,48
Rossmann_DE_HH,2013-03-10 - 2013-03-16,43
Rossmann_DE_HH,2013-03-17 - 2013-03-23,58
Rossmann_DE_HH,2013-03-24 - 2013-03-30,55
Rossmann_DE_HH,2013-03-31 - 2013-04-06,47
Rossmann_DE_HH,2013-04-07 - 2013-04-13,50
Rossmann_DE_HH,2013-04-14 - 2013-04-20,50
Rossmann_DE_HH,2013-04-21 - 2013-04-27,54
Rossmann_DE_HH,2013-04-28 - 2013-05-04,46
Rossmann_DE_HH,2013-05-05 - 2013-05-11,44
Rossmann_DE_HH,2013-05-12 - 2013-05-18,54
Rossmann_DE_HH,2013-05-19 - 2013-05-25,44
Rossmann_DE_HH,2013-05-26 - 2013-06-01,57
Rossmann_DE_HH,2013-06-02 - 2013-06-08,45
Rossmann_DE_HH,2013-06-09 - 2013-06-15,45
Rossmann_DE_HH,2013-06-16 - 2013-06-22,57
Rossmann_DE_HH,2013-06-23 - 2013-06-29,45
Rossmann_DE_HH,2013-06-30 - 2013-07-06,67
Rossmann_DE_HH,2013-07-07 - 2013-07-13,61
Rossmann_DE_HH,2013-07-14 - 2013-07-20,73
Rossmann_DE_HH,2013-07-21 - 2013-07-27,64
Rossmann_DE_HH,2013-07-28 - 2013-08-03,67
Rossmann_DE_HH,2013-08-04 - 2013-08-10,60
Rossmann_DE_HH,2013-08-11 - 2013-08-17,67
Rossmann_DE_HH,2013-08-18 - 2013-08-24,62
Rossmann_DE_HH,2013-08-25 - 2013-08-31,73
Rossmann_DE_HH,2013-09-01 - 2013-09-07,53
Rossmann_DE_HH,2013-09-08 - 2013-09-14,72
Rossmann_DE_HH,2013-09-15 - 2013-09-21,45
Rossmann_DE_HH,2013-09-22 - 2013-09-28,58
Rossmann_DE_HH,2013-09-29 - 2013-10-05,47
Rossmann_DE_HH,2013-10-06 - 2013-10-12,56
Rossmann_DE_HH,2013-10-13 - 2013-10-19,50
Rossmann_DE_HH,2013-10-20 - 2013-10-26,59
Rossmann_DE_HH,2013-10-27 - 2013-11-02,55
Rossmann_DE_HH,2013-11-03 - 2013-11-09,63
Rossmann_DE_HH,2013-11-10 - 2013-11-16,51
Rossmann_DE_HH,2013-11-17 - 2013-11-23,67
Rossmann_DE_HH,2013-11-24 - 2013-11-30,67
Rossmann_DE_HH,2013-12-01 - 2013-12-07,64
Rossmann_DE_HH,2013-12-08 - 2013-12-14,75
Rossmann_DE_HH,2013-12-15 - 2013-12-21,88
Rossmann_DE_HH,2013-12-22 - 2013-12-28,59
Rossmann_DE_HH,2013-12-29 - 2014-01-04,66
Rossmann_DE_HH,2014-01-05 - 2014-01-11,47
Rossmann_DE_HH,2014-01-12 - 2014-01-18,49
Rossmann_DE_HH,2014-01-19 - 2014-01-25,62
Rossmann_DE_HH,2014-01-26 - 2014-02-01,51
Rossmann_DE_HH,2014-02-02 - 2014-02-08,74
Rossmann_DE_HH,2014-02-09 - 2014-02-15,50
Rossmann_DE_HH,2014-02-16 - 2014-02-22,56
Rossmann_DE_HH,2014-02-23 - 2014-03-01,58
Rossmann_DE_HH,2014-03-02 - 2014-03-08,66
Rossmann_DE_HH,2014-03-09 - 2014-03-15,47
Rossmann_DE_HH,2014-03-16 - 2014-03-22,61
Rossmann_DE_HH,2014-03-23 - 2014-03-29,55
Rossmann_DE_HH,2014-03-30 - 2014-04-05,69
Rossmann_DE_HH,2014-04-06 - 2014-04-12,53
Rossmann_DE_HH,2014-04-13 - 2014-04-19,63
Rossmann_DE_HH,2014-04-20 - 2014-04-26,50
Rossmann_DE_HH,2014-04-27 - 2014-05-03,69
Rossmann_DE_HH,2014-05-04 - 2014-05-10,53
Rossmann_DE_HH,2014-05-11 - 2014-05-17,58
Rossmann_DE_HH,2014-05-18 - 2014-05-24,67
Rossmann_DE_HH,2014-05-25 - 2014-05-31,61
Rossmann_DE_HH,2014-06-01 - 2014-06-07,66
Rossmann_DE_HH,2014-06-08 - 2014-06-14,55
Rossmann_DE_HH,2014-06-15 - 2014-06-21,74
Rossmann_DE_HH,2014-06-22 - 2014-06-28,61
Rossmann_DE_HH,2014-06-29 - 2014-07-05,62
Rossmann_DE_HH,2014-07-06 - 2014-07-12,54
Rossmann_DE_HH,2014-07-13 - 2014-07-19,66
Rossmann_DE_HH,2014-07-20 - 2014-07-26,69
Rossmann_DE_HH,2014-07-27 - 2014-08-02,81
Rossmann_DE_HH,2014-08-03 - 2014-08-09,67
Rossmann_DE_HH,2014-08-10 - 2014-08-16,68
Rossmann_DE_HH,2014-08-17 - 2014-08-23,77
Rossmann_DE_HH,2014-08-24 - 2014-08-30,64
Rossmann_DE_HH,2014-08-31 - 2014-09-06,69
Rossmann_DE_HH,2014-09-07 - 2014-09-13,62
Rossmann_DE_HH,2014-09-14 - 2014-09-20,68
Rossmann_DE_HH,2014-09-21 - 2014-09-27,51
Rossmann_DE_HH,2014-09-28 - 2014-10-04,67
Rossmann_DE_HH,2014-10-05 - 2014-10-11,66
Rossmann_DE_HH,2014-10-12 - 2014-10-18,56
Rossmann_DE_HH,2014-10-19 - 2014-10-25,76
Rossmann_DE_HH,2014-10-26 - 2014-11-01,55
Rossmann_DE_HH,2014-11-02 - 2014-11-08,63
Rossmann_DE_HH,2014-11-09 - 2014-11-15,66
Rossmann_DE_HH,2014-11-16 - 2014-11-22,65
Rossmann_DE_HH,2014-11-23 - 2014-11-29,74
Rossmann_DE_HH,2014-11-30 - 2014-12-06,83
Rossmann_DE_HH,2014-12-07 - 2014-12-13,84
Rossmann_DE_HH,2014-12-14 - 2014-12-20,100
Rossmann_DE_HH,2014-12-21 - 2014-12-27,78
Rossmann_DE_HH,2014-12-28 - 2015-01-03,72
Rossmann_DE_HH,2015-01-04 - 2015-01-10,70
Rossmann_DE_HH,2015-01-11 - 2015-01-17,55
Rossmann_DE_HH,2015-01-18 - 2015-01-24,53
Rossmann_DE_HH,2015-01-25 - 2015-01-31,77
Rossmann_DE_HH,2015-02-01 - 2015-02-07,65
Rossmann_DE_HH,2015-02-08 - 2015-02-14,58
Rossmann_DE_HH,2015-02-15 - 2015-02-21,60
Rossmann_DE_HH,2015-02-22 - 2015-02-28,67
Rossmann_DE_HH,2015-03-01 - 2015-03-07,64
Rossmann_DE_HH,2015-03-08 - 2015-03-14,62
Rossmann_DE_HH,2015-03-15 - 2015-03-21,70
Rossmann_DE_HH,2015-03-22 - 2015-03-28,57
Rossmann_DE_HH,2015-03-29 - 2015-04-04,71
Rossmann_DE_HH,2015-04-05 - 2015-04-11,65
Rossmann_DE_HH,2015-04-12 - 2015-04-18,66
Rossmann_DE_HH,2015-04-19 - 2015-04-25,63
Rossmann_DE_HH,2015-04-26 - 2015-05-02,80
Rossmann_DE_HH,2015-05-03 - 2015-05-09,62
Rossmann_DE_HH,2015-05-10 - 2015-05-16,57
Rossmann_DE_HH,2015-05-17 - 2015-05-23,68
Rossmann_DE_HH,2015-05-24 - 2015-05-30,69
Rossmann_DE_HH,2015-05-31 - 2015-06-06,70
Rossmann_DE_HH,2015-06-07 - 2015-06-13,64
Rossmann_DE_HH,2015-06-14 - 2015-06-20,75
Rossmann_DE_HH,2015-06-21 - 2015-06-27,63
Rossmann_DE_HH,2015-06-28 - 2015-07-04,82
Rossmann_DE_HH,2015-07-05 - 2015-07-11,64
Rossmann_DE_HH,2015-07-12 - 2015-07-18,73
Rossmann_DE_HH,2015-07-19 - 2015-07-25,68
Rossmann_DE_HH,2015-07-26 - 2015-08-01,85
Rossmann_DE_HH,2015-08-02 - 2015-08-08,70
Rossmann_DE_HH,2015-08-09 - 2015-08-15,72
Rossmann_DE_HH,2015-08-16 - 2015-08-22,82
Rossmann_DE_HH,2015-08-23 - 2015-08-29,79
Rossmann_DE_HH,2015-08-30 - 2015-09-05,86
Rossmann_DE_HH,2015-09-06 - 2015-09-12,62
Rossmann_DE_HH,2015-09-13 - 2015-09-19,73
Rossmann_DE_HH,2015-09-20 - 2015-09-26,67
Rossmann_DE_HH,2015-09-27 - 2015-10-03,58
Rossmann_DE_SL,2012-12-02 - 2012-12-08,55
Rossmann_DE_SL,2012-12-09 - 2012-12-15,61
Rossmann_DE_SL,2012-12-16 - 2012-12-22,67
Rossmann_DE_SL,2012-12-23 - 2012-12-29,48
Rossmann_DE_SL,2012-12-30 - 2013-01-05,47
Rossmann_DE_SL,2013-01-06 - 2013-01-12,47
Rossmann_DE_SL,2013-01-13 - 2013-01-19,39
Rossmann_DE_SL,2013-01-20 - 2013-01-26,39
Rossmann_DE_SL,2013-01-27 - 2013-02-02,0
Rossmann_DE_SL,2013-02-03 - 2013-02-09,0
Rossmann_DE_SL,2013-02-10 - 2013-02-16,0
Rossmann_DE_SL,2013-02-17 - 2013-02-23,0
Rossmann_DE_SL,2013-02-24 - 2013-03-02,0
Rossmann_DE_SL,2013-03-03 - 2013-03-09,40
Rossmann_DE_SL,2013-03-10 - 2013-03-16,36
Rossmann_DE_SL,2013-03-17 - 2013-03-23,44
Rossmann_DE_SL,2013-03-24 - 2013-03-30,50
Rossmann_DE_SL,2013-03-31 - 2013-04-06,55
Rossmann_DE_SL,2013-04-07 - 2013-04-13,67
Rossmann_DE_SL,2013-04-14 - 2013-04-20,54
Rossmann_DE_SL,2013-04-21 - 2013-04-27,54
Rossmann_DE_SL,2013-04-28 - 2013-05-04,49
Rossmann_DE_SL,2013-05-05 - 2013-05-11,49
Rossmann_DE_SL,2013-05-12 - 2013-05-18,49
Rossmann_DE_SL,2013-05-19 - 2013-05-25,44
Rossmann_DE_SL,2013-05-26 - 2013-06-01,43
Rossmann_DE_SL,2013-06-02 - 2013-06-08,47
Rossmann_DE_SL,2013-06-09 - 2013-06-15,67
Rossmann_DE_SL,2013-06-16 - 2013-06-22,69
Rossmann_DE_SL,2013-06-23 - 2013-06-29,61
Rossmann_DE_SL,2013-06-30 - 2013-07-06,49
Rossmann_DE_SL,2013-07-07 - 2013-07-13,55
Rossmann_DE_SL,2013-07-14 - 2013-07-20,62
Rossmann_DE_SL,2013-07-21 - 2013-07-27,67
Rossmann_DE_SL,2013-07-28 - 2013-08-03,73
Rossmann_DE_SL,2013-08-04 - 2013-08-10,66
Rossmann_DE_SL,2013-08-11 - 2013-08-17,49
Rossmann_DE_SL,2013-08-18 - 2013-08-24,49
Rossmann_DE_SL,2013-08-25 - 2013-08-31,49
Rossmann_DE_SL,2013-09-01 - 2013-09-07,44
Rossmann_DE_SL,2013-09-08 - 2013-09-14,44
Rossmann_DE_SL,2013-09-15 - 2013-09-21,44
Rossmann_DE_SL,2013-09-22 - 2013-09-28,44
Rossmann_DE_SL,2013-09-29 - 2013-10-05,44
Rossmann_DE_SL,2013-10-06 - 2013-10-12,71
Rossmann_DE_SL,2013-10-13 - 2013-10-19,49
Rossmann_DE_SL,2013-10-20 - 2013-10-26,57
Rossmann_DE_SL,2013-10-27 - 2013-11-02,39
Rossmann_DE_SL,2013-11-03 - 2013-11-09,39
Rossmann_DE_SL,2013-11-10 - 2013-11-16,41
Rossmann_DE_SL,2013-11-17 - 2013-11-23,42
Rossmann_DE_SL,2013-11-24 - 2013-11-30,44
Rossmann_DE_SL,2013-12-01 - 2013-12-07,68
Rossmann_DE_SL,2013-12-08 - 2013-12-14,73
Rossmann_DE_SL,2013-12-15 - 2013-12-21,79
Rossmann_DE_SL,2013-12-22 - 2013-12-28,55
Rossmann_DE_SL,2013-12-29 - 2014-01-04,45
Rossmann_DE_SL,2014-01-05 - 2014-01-11,45
Rossmann_DE_SL,2014-01-12 - 2014-01-18,53
Rossmann_DE_SL,2014-01-19 - 2014-01-25,42
Rossmann_DE_SL,2014-01-26 - 2014-02-01,49
Rossmann_DE_SL,2014-02-02 - 2014-02-08,58
Rossmann_DE_SL,2014-02-09 - 2014-02-15,61
Rossmann_DE_SL,2014-02-16 - 2014-02-22,64
Rossmann_DE_SL,2014-02-23 - 2014-03-01,37
Rossmann_DE_SL,2014-03-02 - 2014-03-08,60
Rossmann_DE_SL,2014-03-09 - 2014-03-15,51
Rossmann_DE_SL,2014-03-16 - 2014-03-22,51
Rossmann_DE_SL,2014-03-23 - 2014-03-29,40
Rossmann_DE_SL,2014-03-30 - 2014-04-05,41
Rossmann_DE_SL,2014-04-06 - 2014-04-12,43
Rossmann_DE_SL,2014-04-13 - 2014-04-19,40
Rossmann_DE_SL,2014-04-20 - 2014-04-26,49
Rossmann_DE_SL,2014-04-27 - 2014-05-03,58
Rossmann_DE_SL,2014-05-04 - 2014-05-10,40
Rossmann_DE_SL,2014-05-11 - 2014-05-17,43
Rossmann_DE_SL,2014-05-18 - 2014-05-24,45
Rossmann_DE_SL,2014-05-25 - 2014-05-31,46
Rossmann_DE_SL,2014-06-01 - 2014-06-07,46
Rossmann_DE_SL,2014-06-08 - 2014-06-14,47
Rossmann_DE_SL,2014-06-15 - 2014-06-21,66
Rossmann_DE_SL,2014-06-22 - 2014-06-28,60
Rossmann_DE_SL,2014-06-29 - 2014-07-05,60
Rossmann_DE_SL,2014-07-06 - 2014-07-12,46
Rossmann_DE_SL,2014-07-13 - 2014-07-19,54
Rossmann_DE_SL,2014-07-20 - 2014-07-26,55
Rossmann_DE_SL,2014-07-27 - 2014-08-02,50
Rossmann_DE_SL,2014-08-03 - 2014-08-09,46
Rossmann_DE_SL,2014-08-10 - 2014-08-16,46
Rossmann_DE_SL,2014-08-17 - 2014-08-23,50
Rossmann_DE_SL,2014-08-24 - 2014-08-30,54
Rossmann_DE_SL,2014-08-31 - 2014-09-06,45
Rossmann_DE_SL,2014-09-07 - 2014-09-13,64
Rossmann_DE_SL,2014-09-14 - 2014-09-20,55
Rossmann_DE_SL,2014-09-21 - 2014-09-27,55
Rossmann_DE_SL,2014-09-28 - 2014-10-04,55
Rossmann_DE_SL,2014-10-05 - 2014-10-11,52
Rossmann_DE_SL,2014-10-12 - 2014-10-18,55
Rossmann_DE_SL,2014-10-19 - 2014-10-25,56
Rossmann_DE_SL,2014-10-26 - 2014-11-01,57
Rossmann_DE_SL,2014-11-02 - 2014-11-08,56
Rossmann_DE_SL,2014-11-09 - 2014-11-15,41
Rossmann_DE_SL,2014-11-16 - 2014-11-22,69
Rossmann_DE_SL,2014-11-23 - 2014-11-29,76
Rossmann_DE_SL,2014-11-30 - 2014-12-06,80
Rossmann_DE_SL,2014-12-07 - 2014-12-13,86
Rossmann_DE_SL,2014-12-14 - 2014-12-20,71
Rossmann_DE_SL,2014-12-21 - 2014-12-27,51
Rossmann_DE_SL,2014-12-28 - 2015-01-03,57
Rossmann_DE_SL,2015-01-04 - 2015-01-10,63
Rossmann_DE_SL,2015-01-11 - 2015-01-17,45
Rossmann_DE_SL,2015-01-18 - 2015-01-24,54
Rossmann_DE_SL,2015-01-25 - 2015-01-31,91
Rossmann_DE_SL,2015-02-01 - 2015-02-07,60
Rossmann_DE_SL,2015-02-08 - 2015-02-14,81
Rossmann_DE_SL,2015-02-15 - 2015-02-21,68
Rossmann_DE_SL,2015-02-22 - 2015-02-28,48
Rossmann_DE_SL,2015-03-01 - 2015-03-07,61
Rossmann_DE_SL,2015-03-08 - 2015-03-14,60
Rossmann_DE_SL,2015-03-15 - 2015-03-21,61
Rossmann_DE_SL,2015-03-22 - 2015-03-28,80
Rossmann_DE_SL,2015-03-29 - 2015-04-04,61
Rossmann_DE_SL,2015-04-05 - 2015-04-11,67
Rossmann_DE_SL,2015-04-12 - 2015-04-18,58
Rossmann_DE_SL,2015-04-19 - 2015-04-25,67
Rossmann_DE_SL,2015-04-26 - 2015-05-02,86
Rossmann_DE_SL,2015-05-03 - 2015-05-09,70
Rossmann_DE_SL,2015-05-10 - 2015-05-16,77
Rossmann_DE_SL,2015-05-17 - 2015-05-23,77
Rossmann_DE_SL,2015-05-24 - 2015-05-30,78
Rossmann_DE_SL,2015-05-31 - 2015-06-06,95
Rossmann_DE_SL,2015-06-07 - 2015-06-13,90
Rossmann_DE_SL,2015-06-14 - 2015-06-20,100
Rossmann_DE_SL,2015-06-21 - 2015-06-27,70
Rossmann_DE_SL,2015-06-28 - 2015-07-04,83
Rossmann_DE_SL,2015-07-05 - 2015-07-11,53
Rossmann_DE_SL,2015-07-12 - 2015-07-18,53
Rossmann_DE_SL,2015-07-19 - 2015-07-25,50
Rossmann_DE_SL,2015-07-26 - 2015-08-01,69
Rossmann_DE_SL,2015-08-02 - 2015-08-08,88
Rossmann_DE_SL,2015-08-09 - 2015-08-15,68
Rossmann_DE_SL,2015-08-16 - 2015-08-22,81
Rossmann_DE_SL,2015-08-23 - 2015-08-29,48
Rossmann_DE_SL,2015-08-30 - 2015-09-05,95
Rossmann_DE_SL,2015-09-06 - 2015-09-12,47
Rossmann_DE_SL,2015-09-13 - 2015-09-19,80
Rossmann_DE_SL,2015-09-20 - 2015-09-26,57
Rossmann_DE_SL,2015-09-27 - 2015-10-03,0
